id,evo_id,data,nivel,nivel_ordem,origem,created_at
1,1154823,2025-11-25,4B,41,sync_clientes,2025-11-25 13:26:28
2,1228231,2025-11-25,4A,40,sync_clientes,2025-11-25 13:26:28
3,1228284,2025-11-25,1B,11,sync_clientes,2025-11-25 13:26:28
4,1228294,2025-11-25,3C,32,sync_clientes,2025-11-25 13:26:28
5,1228300,2025-11-25,1A,10,sync_clientes,2025-11-25 13:26:28
6,1228307,2025-11-25,2C,22,sync_clientes,2025-11-25 13:26:28
7,1228315,2025-11-25,1C,12,sync_clientes,2025-11-25 13:26:28
8,1228333,2025-11-25,1B,11,sync_clientes,2025-11-25 13:26:28
9,1228345,2025-11-25,2B,21,sync_clientes,2025-11-25 13:26:28
10,1228396,2025-11-25,3A,30,sync_clientes,2025-11-25 13:26:28
11,1228399,2025-11-25,2C,22,sync_clientes,2025-11-25 13:26:28
12,1228403,2025-11-25,3B,31,sync_clientes,2025-11-25 13:26:28
13,1228417,2025-11-25,2A,20,sync_clientes,2025-11-25 13:26:28
14,1228443,2025-11-25,1C,12,sync_clientes,2025-11-25 13:26:28
15,1228456,2025-11-25,3A,30,sync_clientes,2025-11-25 13:26:28
16,1228460,2025-11-25,3B,31,sync_clientes,2025-11-25 13:26:28
17,1228465,2025-11-25,1B,11,sync_clientes,2025-11-25 13:26:28
18,1228466,2025-11-25,3B,31,sync_clientes,2025-11-25 13:26:28
19,1228473,2025-11-25,1B,11,sync_clientes,2025-11-25 13:26:28
20,1228492,2025-11-25,1B,11,sync_clientes,2025-11-25 13:26:28
21,1228517,2025-11-25,2C,22,sync_clientes,2025-11-25 13:26:28
22,1228568,2025-11-25,1B,11,sync_clientes,2025-11-25 13:26:28
23,1228598,2025-11-25,3B,31,sync_clientes,2025-11-25 13:26:28
24,1228856,2025-11-25,2C,22,sync_clientes,2025-11-25 13:26:28
25,1228867,2025-11-25,1A,10,sync_clientes,2025-11-25 13:26:28
26,1228938,2025-11-25,3A,30,sync_clientes,2025-11-25 13:26:28
27,1229066,2025-11-25,1A,10,sync_clientes,2025-11-25 13:26:28
28,1229100,2025-11-25,1A,10,sync_clientes,2025-11-25 13:26:28
29,1229106,2025-11-25,2A,20,sync_clientes,2025-11-25 13:26:28
30,1229121,2025-11-25,1A,10,sync_clientes,2025-11-25 13:26:28
31,1229148,2025-11-25,3A,30,sync_clientes,2025-11-25 13:26:28
32,1229199,2025-11-25,1C,12,sync_clientes,2025-11-25 13:26:28
33,1229206,2025-11-25,3C,32,sync_clientes,2025-11-25 13:26:28
34,1229227,2025-11-25,2C,22,sync_clientes,2025-11-25 13:26:28
35,1229241,2025-11-25,2A,20,sync_clientes,2025-11-25 13:26:28
36,1229295,2025-11-25,2C,22,sync_clientes,2025-11-25 13:26:28
37,1229570,2025-11-25,3C,32,sync_clientes,2025-11-25 13:26:28
38,1229576,2025-11-25,3A,30,sync_clientes,2025-11-25 13:26:28
39,1229719,2025-11-25,1A,10,sync_clientes,2025-11-25 13:26:28
40,1229731,2025-11-25,1A,10,sync_clientes,2025-11-25 13:26:28
41,1230051,2025-11-25,4A,40,sync_clientes,2025-11-25 13:26:28
42,1230052,2025-11-25,3A,30,sync_clientes,2025-11-25 13:26:28
43,1230053,2025-11-25,3B,31,sync_clientes,2025-11-25 13:26:28
44,1230060,2025-11-25,1C,12,sync_clientes,2025-11-25 13:26:28
45,1230064,2025-11-25,1C,12,sync_clientes,2025-11-25 13:26:28
46,1230066,2025-11-25,3B,31,sync_clientes,2025-11-25 13:26:28
47,1230074,2025-11-25,3A,30,sync_clientes,2025-11-25 13:26:28
48,1230087,2025-11-25,3B,31,sync_clientes,2025-11-25 13:26:28
49,1230108,2025-11-25,1B,11,sync_clientes,2025-11-25 13:26:28
50,1230120,2025-11-25,2B,21,sync_clientes,2025-11-25 13:26:28
51,1230154,2025-11-25,1C,12,sync_clientes,2025-11-25 13:26:28
52,1230158,2025-11-25,1C,12,sync_clientes,2025-11-25 13:26:28
53,1230167,2025-11-25,2A,20,sync_clientes,2025-11-25 13:26:28
54,1230176,2025-11-25,3A,30,sync_clientes,2025-11-25 13:26:28
55,1230206,2025-11-25,2A,20,sync_clientes,2025-11-25 13:26:28
56,1230215,2025-11-25,2C,22,sync_clientes,2025-11-25 13:26:28
57,1230233,2025-11-25,2C,22,sync_clientes,2025-11-25 13:26:28
58,1230245,2025-11-25,2A,20,sync_clientes,2025-11-25 13:26:28
59,1230254,2025-11-25,3A,30,sync_clientes,2025-11-25 13:26:28
60,1230265,2025-11-25,2B,21,sync_clientes,2025-11-25 13:26:28
61,1230285,2025-11-25,1B,11,sync_clientes,2025-11-25 13:26:28
62,1230295,2025-11-25,2B,21,sync_clientes,2025-11-25 13:26:28
63,1230307,2025-11-25,3A,30,sync_clientes,2025-11-25 13:26:28
64,1231602,2025-11-25,4A,40,sync_clientes,2025-11-25 13:26:28
65,1231613,2025-11-25,3A,30,sync_clientes,2025-11-25 13:26:28
66,1231617,2025-11-25,3A,30,sync_clientes,2025-11-25 13:26:28
67,1231631,2025-11-25,3B,31,sync_clientes,2025-11-25 13:26:28
68,1231642,2025-11-25,2B,21,sync_clientes,2025-11-25 13:26:28
69,1231647,2025-11-25,3B,31,sync_clientes,2025-11-25 13:26:28
70,1231658,2025-11-25,2C,22,sync_clientes,2025-11-25 13:26:28
71,1231662,2025-11-25,2B,21,sync_clientes,2025-11-25 13:26:28
72,1231675,2025-11-25,2C,22,sync_clientes,2025-11-25 13:26:28
73,1231686,2025-11-25,3B,31,sync_clientes,2025-11-25 13:26:28
74,1231693,2025-11-25,2A,20,sync_clientes,2025-11-25 13:26:28
75,1231709,2025-11-25,2C,22,sync_clientes,2025-11-25 13:26:28
76,1231710,2025-11-25,3A,30,sync_clientes,2025-11-25 13:26:28
77,1231717,2025-11-25,2B,21,sync_clientes,2025-11-25 13:26:28
78,1231727,2025-11-25,2B,21,sync_clientes,2025-11-25 13:26:28
79,1231733,2025-11-25,2C,22,sync_clientes,2025-11-25 13:26:28
80,1231736,2025-11-25,3A,30,sync_clientes,2025-11-25 13:26:28
81,1231780,2025-11-25,4A,40,sync_clientes,2025-11-25 13:26:28
82,1231782,2025-11-25,2A,20,sync_clientes,2025-11-25 13:26:28
83,1231812,2025-11-25,2B,21,sync_clientes,2025-11-25 13:26:28
84,1231913,2025-11-25,2B,21,sync_clientes,2025-11-25 13:26:28
85,1231978,2025-11-25,2B,21,sync_clientes,2025-11-25 13:26:28
86,1232125,2025-11-25,4B,41,sync_clientes,2025-11-25 13:26:28
87,1232174,2025-11-25,2C,22,sync_clientes,2025-11-25 13:26:28
88,1232442,2025-11-25,3A,30,sync_clientes,2025-11-25 13:26:28
89,1232649,2025-11-25,2C,22,sync_clientes,2025-11-25 13:26:28
90,1232657,2025-11-25,2C,22,sync_clientes,2025-11-25 13:26:28
91,1232666,2025-11-25,2C,22,sync_clientes,2025-11-25 13:26:28
92,1232674,2025-11-25,3B,31,sync_clientes,2025-11-25 13:26:28
93,1232691,2025-11-25,2C,22,sync_clientes,2025-11-25 13:26:28
94,1232693,2025-11-25,3B,31,sync_clientes,2025-11-25 13:26:28
95,1232712,2025-11-25,2B,21,sync_clientes,2025-11-25 13:26:28
96,1232722,2025-11-25,1B,11,sync_clientes,2025-11-25 13:26:28
97,1232739,2025-11-25,2C,22,sync_clientes,2025-11-25 13:26:28
98,1232743,2025-11-25,2C,22,sync_clientes,2025-11-25 13:26:28
99,1232762,2025-11-25,3A,30,sync_clientes,2025-11-25 13:26:28
100,1232781,2025-11-25,2C,22,sync_clientes,2025-11-25 13:26:28
101,1232789,2025-11-25,3A,30,sync_clientes,2025-11-25 13:26:28
102,1232791,2025-11-25,3A,30,sync_clientes,2025-11-25 13:26:28
103,1232798,2025-11-25,3A,30,sync_clientes,2025-11-25 13:26:28
104,1232803,2025-11-25,2C,22,sync_clientes,2025-11-25 13:26:28
105,1232820,2025-11-25,1C,12,sync_clientes,2025-11-25 13:26:28
106,1232826,2025-11-25,2B,21,sync_clientes,2025-11-25 13:26:28
107,1232833,2025-11-25,2B,21,sync_clientes,2025-11-25 13:26:28
108,1232850,2025-11-25,3C,32,sync_clientes,2025-11-25 13:26:28
109,1232861,2025-11-25,3A,30,sync_clientes,2025-11-25 13:26:28
110,1232932,2025-11-25,2C,22,sync_clientes,2025-11-25 13:26:28
111,1232967,2025-11-25,1B,11,sync_clientes,2025-11-25 13:26:28
112,1232998,2025-11-25,1B,11,sync_clientes,2025-11-25 13:26:28
113,1233005,2025-11-25,2B,21,sync_clientes,2025-11-25 13:26:28
114,1233010,2025-11-25,2B,21,sync_clientes,2025-11-25 13:26:28
115,1233018,2025-11-25,3B,31,sync_clientes,2025-11-25 13:26:28
116,1233020,2025-11-25,2C,22,sync_clientes,2025-11-25 13:26:28
117,1233022,2025-11-25,2C,22,sync_clientes,2025-11-25 13:26:28
118,1233025,2025-11-25,2A,20,sync_clientes,2025-11-25 13:26:28
119,1233027,2025-11-25,3B,31,sync_clientes,2025-11-25 13:26:28
120,1233038,2025-11-25,2B,21,sync_clientes,2025-11-25 13:26:28
121,1233043,2025-11-25,3A,30,sync_clientes,2025-11-25 13:26:28
122,1233065,2025-11-25,1B,11,sync_clientes,2025-11-25 13:26:28
123,1233071,2025-11-25,2B,21,sync_clientes,2025-11-25 13:26:28
124,1233078,2025-11-25,3B,31,sync_clientes,2025-11-25 13:26:28
125,1233097,2025-11-25,3A,30,sync_clientes,2025-11-25 13:26:28
126,1233098,2025-11-25,3C,32,sync_clientes,2025-11-25 13:26:28
127,1233115,2025-11-25,2A,20,sync_clientes,2025-11-25 13:26:28
128,1233120,2025-11-25,1A,10,sync_clientes,2025-11-25 13:26:28
129,1233124,2025-11-25,1B,11,sync_clientes,2025-11-25 13:26:28
130,1233137,2025-11-25,2A,20,sync_clientes,2025-11-25 13:26:28
131,1233145,2025-11-25,2B,21,sync_clientes,2025-11-25 13:26:28
132,1233154,2025-11-25,2A,20,sync_clientes,2025-11-25 13:26:28
133,1233156,2025-11-25,4B,41,sync_clientes,2025-11-25 13:26:28
134,1233159,2025-11-25,1C,12,sync_clientes,2025-11-25 13:26:28
135,1233162,2025-11-25,3A,30,sync_clientes,2025-11-25 13:26:28
136,1233163,2025-11-25,2C,22,sync_clientes,2025-11-25 13:26:28
137,1233165,2025-11-25,2C,22,sync_clientes,2025-11-25 13:26:28
138,1233169,2025-11-25,2B,21,sync_clientes,2025-11-25 13:26:28
139,1233176,2025-11-25,3B,31,sync_clientes,2025-11-25 13:26:28
140,1233177,2025-11-25,3B,31,sync_clientes,2025-11-25 13:26:28
141,1233182,2025-11-25,2A,20,sync_clientes,2025-11-25 13:26:28
142,1233193,2025-11-25,2A,20,sync_clientes,2025-11-25 13:26:28
143,1233239,2025-11-25,3A,30,sync_clientes,2025-11-25 13:26:28
144,1233358,2025-11-25,3C,32,sync_clientes,2025-11-25 13:26:28
145,1233793,2025-11-25,1C,12,sync_clientes,2025-11-25 13:26:28
146,1233800,2025-11-25,2C,22,sync_clientes,2025-11-25 13:26:28
147,1233837,2025-11-25,2B,21,sync_clientes,2025-11-25 13:26:28
148,1233901,2025-11-25,3A,30,sync_clientes,2025-11-25 13:26:28
149,1233991,2025-11-25,2B,21,sync_clientes,2025-11-25 13:26:28
150,1234019,2025-11-25,1B,11,sync_clientes,2025-11-25 13:26:28
151,1234021,2025-11-25,1B,11,sync_clientes,2025-11-25 13:26:28
152,1234088,2025-11-25,2A,20,sync_clientes,2025-11-25 13:26:28
153,1234121,2025-11-25,3A,30,sync_clientes,2025-11-25 13:26:28
154,1234145,2025-11-25,1B,11,sync_clientes,2025-11-25 13:26:28
155,1234154,2025-11-25,1C,12,sync_clientes,2025-11-25 13:26:28
156,1234198,2025-11-25,2C,22,sync_clientes,2025-11-25 13:26:28
157,1234206,2025-11-25,3A,30,sync_clientes,2025-11-25 13:26:28
158,1234242,2025-11-25,2C,22,sync_clientes,2025-11-25 13:26:28
159,1235438,2025-11-25,2A,20,sync_clientes,2025-11-25 13:26:28
160,1236627,2025-11-25,2B,21,sync_clientes,2025-11-25 13:26:28
161,1236639,2025-11-25,2C,22,sync_clientes,2025-11-25 13:26:28
162,1236645,2025-11-25,2B,21,sync_clientes,2025-11-25 13:26:28
163,1236650,2025-11-25,1C,12,sync_clientes,2025-11-25 13:26:28
164,1236693,2025-11-25,2C,22,sync_clientes,2025-11-25 13:26:28
165,1236697,2025-11-25,2B,21,sync_clientes,2025-11-25 13:26:28
166,1236700,2025-11-25,4B,41,sync_clientes,2025-11-25 13:26:28
167,1236711,2025-11-25,3B,31,sync_clientes,2025-11-25 13:26:28
168,1236720,2025-11-25,2C,22,sync_clientes,2025-11-25 13:26:28
169,1236722,2025-11-25,2A,20,sync_clientes,2025-11-25 13:26:28
170,1236724,2025-11-25,3A,30,sync_clientes,2025-11-25 13:26:28
171,1236728,2025-11-25,3B,31,sync_clientes,2025-11-25 13:26:28
172,1236732,2025-11-25,2C,22,sync_clientes,2025-11-25 13:26:28
173,1236735,2025-11-25,2A,20,sync_clientes,2025-11-25 13:26:28
174,1236797,2025-11-25,1B,11,sync_clientes,2025-11-25 13:26:28
175,1236813,2025-11-25,1C,12,sync_clientes,2025-11-25 13:26:28
176,1236835,2025-11-25,2C,22,sync_clientes,2025-11-25 13:26:28
177,1236863,2025-11-25,3A,30,sync_clientes,2025-11-25 13:26:28
178,1236883,2025-11-25,2C,22,sync_clientes,2025-11-25 13:26:28
179,1236884,2025-11-25,1B,11,sync_clientes,2025-11-25 13:26:28
180,1236889,2025-11-25,2C,22,sync_clientes,2025-11-25 13:26:28
181,1236897,2025-11-25,1C,12,sync_clientes,2025-11-25 13:26:28
182,1236900,2025-11-25,2C,22,sync_clientes,2025-11-25 13:26:28
183,1236904,2025-11-25,2B,21,sync_clientes,2025-11-25 13:26:28
184,1236911,2025-11-25,4B,41,sync_clientes,2025-11-25 13:26:28
185,1236963,2025-11-25,2B,21,sync_clientes,2025-11-25 13:26:28
186,1236981,2025-11-25,2C,22,sync_clientes,2025-11-25 13:26:28
187,1236998,2025-11-25,2A,20,sync_clientes,2025-11-25 13:26:28
188,1237052,2025-11-25,3A,30,sync_clientes,2025-11-25 13:26:28
189,1237068,2025-11-25,3A,30,sync_clientes,2025-11-25 13:26:28
190,1237078,2025-11-25,2A,20,sync_clientes,2025-11-25 13:26:28
191,1237080,2025-11-25,3A,30,sync_clientes,2025-11-25 13:26:28
192,1237091,2025-11-25,2B,21,sync_clientes,2025-11-25 13:26:28
193,1237102,2025-11-25,4A,40,sync_clientes,2025-11-25 13:26:28
194,1237110,2025-11-25,1C,12,sync_clientes,2025-11-25 13:26:28
195,1237119,2025-11-25,2A,20,sync_clientes,2025-11-25 13:26:28
196,1237121,2025-11-25,2A,20,sync_clientes,2025-11-25 13:26:28
197,1237158,2025-11-25,3A,30,sync_clientes,2025-11-25 13:26:28
198,1237188,2025-11-25,2C,22,sync_clientes,2025-11-25 13:26:28
199,1237226,2025-11-25,2A,20,sync_clientes,2025-11-25 13:26:28
200,1237236,2025-11-25,2C,22,sync_clientes,2025-11-25 13:26:28
201,1237242,2025-11-25,2C,22,sync_clientes,2025-11-25 13:26:28
202,1237255,2025-11-25,3A,30,sync_clientes,2025-11-25 13:26:28
203,1237270,2025-11-25,2A,20,sync_clientes,2025-11-25 13:26:28
204,1237273,2025-11-25,3A,30,sync_clientes,2025-11-25 13:26:28
205,1237286,2025-11-25,1C,12,sync_clientes,2025-11-25 13:26:28
206,1237295,2025-11-25,1B,11,sync_clientes,2025-11-25 13:26:28
207,1237313,2025-11-25,1C,12,sync_clientes,2025-11-25 13:26:28
208,1237317,2025-11-25,2A,20,sync_clientes,2025-11-25 13:26:28
209,1237321,2025-11-25,1A,10,sync_clientes,2025-11-25 13:26:28
210,1237374,2025-11-25,1B,11,sync_clientes,2025-11-25 13:26:28
211,1237380,2025-11-25,3C,32,sync_clientes,2025-11-25 13:26:28
212,1237382,2025-11-25,3A,30,sync_clientes,2025-11-25 13:26:28
213,1237435,2025-11-25,4C,42,sync_clientes,2025-11-25 13:26:28
214,1237469,2025-11-25,2A,20,sync_clientes,2025-11-25 13:26:28
215,1237479,2025-11-25,2C,22,sync_clientes,2025-11-25 13:26:28
216,1237483,2025-11-25,1C,12,sync_clientes,2025-11-25 13:26:28
217,1237521,2025-11-25,1A,10,sync_clientes,2025-11-25 13:26:28
218,1237523,2025-11-25,2A,20,sync_clientes,2025-11-25 13:26:28
219,1237561,2025-11-25,2C,22,sync_clientes,2025-11-25 13:26:28
220,1237792,2025-11-25,3C,32,sync_clientes,2025-11-25 13:26:28
221,1237800,2025-11-25,1A,10,sync_clientes,2025-11-25 13:26:28
222,1237809,2025-11-25,1B,11,sync_clientes,2025-11-25 13:26:28
223,1237814,2025-11-25,1C,12,sync_clientes,2025-11-25 13:26:28
224,1237855,2025-11-25,2B,21,sync_clientes,2025-11-25 13:26:28
225,1237857,2025-11-25,1B,11,sync_clientes,2025-11-25 13:26:28
226,1237902,2025-11-25,1C,12,sync_clientes,2025-11-25 13:26:28
227,1237928,2025-11-25,2C,22,sync_clientes,2025-11-25 13:26:28
228,1237941,2025-11-25,3B,31,sync_clientes,2025-11-25 13:26:28
229,1237945,2025-11-25,3B,31,sync_clientes,2025-11-25 13:26:28
230,1237948,2025-11-25,2C,22,sync_clientes,2025-11-25 13:26:28
231,1237951,2025-11-25,2C,22,sync_clientes,2025-11-25 13:26:28
232,1237957,2025-11-25,2C,22,sync_clientes,2025-11-25 13:26:28
233,1237980,2025-11-25,4B,41,sync_clientes,2025-11-25 13:26:28
234,1237985,2025-11-25,2B,21,sync_clientes,2025-11-25 13:26:28
235,1237995,2025-11-25,2B,21,sync_clientes,2025-11-25 13:26:28
236,1238011,2025-11-25,2B,21,sync_clientes,2025-11-25 13:26:28
237,1238021,2025-11-25,4B,41,sync_clientes,2025-11-25 13:26:28
238,1238022,2025-11-25,1C,12,sync_clientes,2025-11-25 13:26:28
239,1238025,2025-11-25,2C,22,sync_clientes,2025-11-25 13:26:28
240,1238037,2025-11-25,3A,30,sync_clientes,2025-11-25 13:26:28
241,1238056,2025-11-25,2C,22,sync_clientes,2025-11-25 13:26:28
242,1238080,2025-11-25,1C,12,sync_clientes,2025-11-25 13:26:28
243,1238115,2025-11-25,3A,30,sync_clientes,2025-11-25 13:26:28
244,1238165,2025-11-25,2C,22,sync_clientes,2025-11-25 13:26:28
245,1238166,2025-11-25,3A,30,sync_clientes,2025-11-25 13:26:28
246,1238258,2025-11-25,3A,30,sync_clientes,2025-11-25 13:26:28
247,1238285,2025-11-25,2A,20,sync_clientes,2025-11-25 13:26:28
248,1238286,2025-11-25,2B,21,sync_clientes,2025-11-25 13:26:28
249,1238299,2025-11-25,3A,30,sync_clientes,2025-11-25 13:26:28
250,1238303,2025-11-25,2B,21,sync_clientes,2025-11-25 13:26:28
251,1238713,2025-11-25,1B,11,sync_clientes,2025-11-25 13:26:28
252,1238721,2025-11-25,2A,20,sync_clientes,2025-11-25 13:26:28
253,1238728,2025-11-25,2C,22,sync_clientes,2025-11-25 13:26:28
254,1239196,2025-11-25,2C,22,sync_clientes,2025-11-25 13:26:28
255,1239225,2025-11-25,1A,10,sync_clientes,2025-11-25 13:26:28
256,1239233,2025-11-25,2A,20,sync_clientes,2025-11-25 13:26:28
257,1239291,2025-11-25,2C,22,sync_clientes,2025-11-25 13:26:28
258,1239296,2025-11-25,2B,21,sync_clientes,2025-11-25 13:26:28
259,1239324,2025-11-25,3B,31,sync_clientes,2025-11-25 13:26:28
260,1239327,2025-11-25,2C,22,sync_clientes,2025-11-25 13:26:28
261,1239344,2025-11-25,3A,30,sync_clientes,2025-11-25 13:26:28
262,1239358,2025-11-25,2A,20,sync_clientes,2025-11-25 13:26:28
263,1239394,2025-11-25,2C,22,sync_clientes,2025-11-25 13:26:28
264,1239402,2025-11-25,3C,32,sync_clientes,2025-11-25 13:26:28
265,1239407,2025-11-25,2A,20,sync_clientes,2025-11-25 13:26:28
266,1239413,2025-11-25,2C,22,sync_clientes,2025-11-25 13:26:28
267,1239668,2025-11-25,2B,21,sync_clientes,2025-11-25 13:26:28
268,1239670,2025-11-25,2C,22,sync_clientes,2025-11-25 13:26:28
269,1239674,2025-11-25,3B,31,sync_clientes,2025-11-25 13:26:28
270,1239682,2025-11-25,3B,31,sync_clientes,2025-11-25 13:26:28
271,1239727,2025-11-25,3A,30,sync_clientes,2025-11-25 13:26:28
272,1239740,2025-11-25,3C,32,sync_clientes,2025-11-25 13:26:28
273,1239773,2025-11-25,2B,21,sync_clientes,2025-11-25 13:26:28
274,1239836,2025-11-25,1A,10,sync_clientes,2025-11-25 13:26:28
275,1239839,2025-11-25,1B,11,sync_clientes,2025-11-25 13:26:28
276,1239887,2025-11-25,1B,11,sync_clientes,2025-11-25 13:26:28
277,1239891,2025-11-25,2C,22,sync_clientes,2025-11-25 13:26:28
278,1239898,2025-11-25,2C,22,sync_clientes,2025-11-25 13:26:28
279,1239901,2025-11-25,3C,32,sync_clientes,2025-11-25 13:26:28
280,1239904,2025-11-25,2A,20,sync_clientes,2025-11-25 13:26:28
281,1239909,2025-11-25,1B,11,sync_clientes,2025-11-25 13:26:28
282,1239927,2025-11-25,1B,11,sync_clientes,2025-11-25 13:26:28
283,1239932,2025-11-25,3A,30,sync_clientes,2025-11-25 13:26:28
284,1239936,2025-11-25,1B,11,sync_clientes,2025-11-25 13:26:28
285,1239938,2025-11-25,2B,21,sync_clientes,2025-11-25 13:26:28
286,1239947,2025-11-25,1B,11,sync_clientes,2025-11-25 13:26:28
287,1239954,2025-11-25,2C,22,sync_clientes,2025-11-25 13:26:28
288,1239956,2025-11-25,1B,11,sync_clientes,2025-11-25 13:26:28
289,1239960,2025-11-25,1B,11,sync_clientes,2025-11-25 13:26:28
290,1239962,2025-11-25,2B,21,sync_clientes,2025-11-25 13:26:28
291,1239970,2025-11-25,3A,30,sync_clientes,2025-11-25 13:26:28
292,1239972,2025-11-25,3A,30,sync_clientes,2025-11-25 13:26:28
293,1239978,2025-11-25,3A,30,sync_clientes,2025-11-25 13:26:28
294,1239989,2025-11-25,1B,11,sync_clientes,2025-11-25 13:26:28
295,1240027,2025-11-25,2C,22,sync_clientes,2025-11-25 13:26:28
296,1240045,2025-11-25,2B,21,sync_clientes,2025-11-25 13:26:28
297,1240049,2025-11-25,4C,42,sync_clientes,2025-11-25 13:26:28
298,1240055,2025-11-25,2B,21,sync_clientes,2025-11-25 13:26:28
299,1240061,2025-11-25,3B,31,sync_clientes,2025-11-25 13:26:28
300,1240062,2025-11-25,3A,30,sync_clientes,2025-11-25 13:26:28
301,1240065,2025-11-25,2C,22,sync_clientes,2025-11-25 13:26:28
302,1240071,2025-11-25,2A,20,sync_clientes,2025-11-25 13:26:28
303,1240120,2025-11-25,2A,20,sync_clientes,2025-11-25 13:26:28
304,1240123,2025-11-25,3C,32,sync_clientes,2025-11-25 13:26:28
305,1240125,2025-11-25,2A,20,sync_clientes,2025-11-25 13:26:28
306,1240131,2025-11-25,2C,22,sync_clientes,2025-11-25 13:26:28
307,1240168,2025-11-25,3C,32,sync_clientes,2025-11-25 13:26:28
308,1240176,2025-11-25,2C,22,sync_clientes,2025-11-25 13:26:28
309,1240184,2025-11-25,1B,11,sync_clientes,2025-11-25 13:26:28
310,1240185,2025-11-25,3A,30,sync_clientes,2025-11-25 13:26:28
311,1240187,2025-11-25,3B,31,sync_clientes,2025-11-25 13:26:28
312,1240204,2025-11-25,3A,30,sync_clientes,2025-11-25 13:26:28
313,1240232,2025-11-25,2A,20,sync_clientes,2025-11-25 13:26:28
314,1240234,2025-11-25,2B,21,sync_clientes,2025-11-25 13:26:28
315,1240240,2025-11-25,1B,11,sync_clientes,2025-11-25 13:26:28
316,1240244,2025-11-25,1A,10,sync_clientes,2025-11-25 13:26:28
317,1240263,2025-11-25,3B,31,sync_clientes,2025-11-25 13:26:28
318,1240267,2025-11-25,2A,20,sync_clientes,2025-11-25 13:26:28
319,1240303,2025-11-25,2C,22,sync_clientes,2025-11-25 13:26:28
320,1240324,2025-11-25,2B,21,sync_clientes,2025-11-25 13:26:28
321,1240326,2025-11-25,2C,22,sync_clientes,2025-11-25 13:26:28
322,1240332,2025-11-25,1C,12,sync_clientes,2025-11-25 13:26:28
323,1240333,2025-11-25,1B,11,sync_clientes,2025-11-25 13:26:28
324,1240349,2025-11-25,1B,11,sync_clientes,2025-11-25 13:26:28
325,1240350,2025-11-25,1B,11,sync_clientes,2025-11-25 13:26:28
326,1240375,2025-11-25,3A,30,sync_clientes,2025-11-25 13:26:28
327,1240424,2025-11-25,2B,21,sync_clientes,2025-11-25 13:26:28
328,1240460,2025-11-25,3C,32,sync_clientes,2025-11-25 13:26:28
329,1240469,2025-11-25,1C,12,sync_clientes,2025-11-25 13:26:28
330,1240485,2025-11-25,3A,30,sync_clientes,2025-11-25 13:26:28
331,1240494,2025-11-25,1B,11,sync_clientes,2025-11-25 13:26:28
332,1240498,2025-11-25,3A,30,sync_clientes,2025-11-25 13:26:28
333,1240539,2025-11-25,1B,11,sync_clientes,2025-11-25 13:26:28
334,1240609,2025-11-25,2C,22,sync_clientes,2025-11-25 13:26:28
335,1240619,2025-11-25,2C,22,sync_clientes,2025-11-25 13:26:28
336,1240635,2025-11-25,2B,21,sync_clientes,2025-11-25 13:26:28
337,1240639,2025-11-25,3C,32,sync_clientes,2025-11-25 13:26:28
338,1240663,2025-11-25,2A,20,sync_clientes,2025-11-25 13:26:28
339,1240666,2025-11-25,2A,20,sync_clientes,2025-11-25 13:26:28
340,1240710,2025-11-25,3A,30,sync_clientes,2025-11-25 13:26:28
341,1240772,2025-11-25,4A,40,sync_clientes,2025-11-25 13:26:28
342,1240809,2025-11-25,2C,22,sync_clientes,2025-11-25 13:26:28
343,1240822,2025-11-25,2B,21,sync_clientes,2025-11-25 13:26:28
344,1240838,2025-11-25,3A,30,sync_clientes,2025-11-25 13:26:28
345,1240842,2025-11-25,2B,21,sync_clientes,2025-11-25 13:26:28
346,1240866,2025-11-25,3A,30,sync_clientes,2025-11-25 13:26:28
347,1240873,2025-11-25,1B,11,sync_clientes,2025-11-25 13:26:28
348,1240901,2025-11-25,1B,11,sync_clientes,2025-11-25 13:26:28
349,1241178,2025-11-25,1C,12,sync_clientes,2025-11-25 13:26:28
350,1241224,2025-11-25,3A,30,sync_clientes,2025-11-25 13:26:28
351,1241299,2025-11-25,3B,31,sync_clientes,2025-11-25 13:26:28
352,1241409,2025-11-25,3C,32,sync_clientes,2025-11-25 13:26:28
353,1241426,2025-11-25,1C,12,sync_clientes,2025-11-25 13:26:28
354,1241467,2025-11-25,2B,21,sync_clientes,2025-11-25 13:26:28
355,1241472,2025-11-25,2A,20,sync_clientes,2025-11-25 13:26:28
356,1241544,2025-11-25,1B,11,sync_clientes,2025-11-25 13:26:28
357,1241550,2025-11-25,2C,22,sync_clientes,2025-11-25 13:26:28
358,1241564,2025-11-25,3B,31,sync_clientes,2025-11-25 13:26:28
359,1241568,2025-11-25,2C,22,sync_clientes,2025-11-25 13:26:28
360,1241610,2025-11-25,2A,20,sync_clientes,2025-11-25 13:26:28
361,1241615,2025-11-25,2A,20,sync_clientes,2025-11-25 13:26:28
362,1241622,2025-11-25,1B,11,sync_clientes,2025-11-25 13:26:28
363,1241659,2025-11-25,2C,22,sync_clientes,2025-11-25 13:26:28
364,1241703,2025-11-25,2B,21,sync_clientes,2025-11-25 13:26:28
365,1241709,2025-11-25,2C,22,sync_clientes,2025-11-25 13:26:28
366,1241725,2025-11-25,2C,22,sync_clientes,2025-11-25 13:26:28
367,1241751,2025-11-25,3B,31,sync_clientes,2025-11-25 13:26:28
368,1241754,2025-11-25,3A,30,sync_clientes,2025-11-25 13:26:28
369,1241764,2025-11-25,4A,40,sync_clientes,2025-11-25 13:26:28
370,1241831,2025-11-25,3B,31,sync_clientes,2025-11-25 13:26:28
371,1241843,2025-11-25,1B,11,sync_clientes,2025-11-25 13:26:28
372,1241903,2025-11-25,1A,10,sync_clientes,2025-11-25 13:26:28
373,1242353,2025-11-25,1C,12,sync_clientes,2025-11-25 13:26:28
374,1242531,2025-11-25,1B,11,sync_clientes,2025-11-25 13:26:28
375,1242543,2025-11-25,2B,21,sync_clientes,2025-11-25 13:26:28
376,1242765,2025-11-25,3B,31,sync_clientes,2025-11-25 13:26:28
377,1242801,2025-11-25,4A,40,sync_clientes,2025-11-25 13:26:28
378,1242839,2025-11-25,2C,22,sync_clientes,2025-11-25 13:26:28
379,1242963,2025-11-25,4C,42,sync_clientes,2025-11-25 13:26:28
380,1243065,2025-11-25,1A,10,sync_clientes,2025-11-25 13:26:28
381,1243068,2025-11-25,3C,32,sync_clientes,2025-11-25 13:26:28
382,1243090,2025-11-25,2B,21,sync_clientes,2025-11-25 13:26:28
383,1243094,2025-11-25,3C,32,sync_clientes,2025-11-25 13:26:28
384,1243103,2025-11-25,3A,30,sync_clientes,2025-11-25 13:26:28
385,1243113,2025-11-25,1B,11,sync_clientes,2025-11-25 13:26:28
386,1243118,2025-11-25,2C,22,sync_clientes,2025-11-25 13:26:28
387,1243172,2025-11-25,2C,22,sync_clientes,2025-11-25 13:26:28
388,1243289,2025-11-25,1B,11,sync_clientes,2025-11-25 13:26:28
389,1243294,2025-11-25,1A,10,sync_clientes,2025-11-25 13:26:28
390,1243297,2025-11-25,1B,11,sync_clientes,2025-11-25 13:26:28
391,1243370,2025-11-25,2A,20,sync_clientes,2025-11-25 13:26:28
392,1243376,2025-11-25,2A,20,sync_clientes,2025-11-25 13:26:28
393,1243444,2025-11-25,1A,10,sync_clientes,2025-11-25 13:26:28
394,1243467,2025-11-25,1A,10,sync_clientes,2025-11-25 13:26:28
395,1243603,2025-11-25,2A,20,sync_clientes,2025-11-25 13:26:28
396,1243647,2025-11-25,4B,41,sync_clientes,2025-11-25 13:26:28
397,1243826,2025-11-25,3A,30,sync_clientes,2025-11-25 13:26:28
398,1243918,2025-11-25,2C,22,sync_clientes,2025-11-25 13:26:28
399,1244124,2025-11-25,2C,22,sync_clientes,2025-11-25 13:26:28
400,1244136,2025-11-25,2B,21,sync_clientes,2025-11-25 13:26:28
401,1244231,2025-11-25,1C,12,sync_clientes,2025-11-25 13:26:28
402,1247308,2025-11-25,3A,30,sync_clientes,2025-11-25 13:26:28
403,1247450,2025-11-25,2C,22,sync_clientes,2025-11-25 13:26:28
404,1248094,2025-11-25,1B,11,sync_clientes,2025-11-25 13:26:28
405,1249878,2025-11-25,1B,11,sync_clientes,2025-11-25 13:26:28
406,1250010,2025-11-25,3A,30,sync_clientes,2025-11-25 13:26:28
407,1250018,2025-11-25,3A,30,sync_clientes,2025-11-25 13:26:28
408,1250060,2025-11-25,2B,21,sync_clientes,2025-11-25 13:26:28
409,1250102,2025-11-25,2B,21,sync_clientes,2025-11-25 13:26:28
410,1250110,2025-11-25,2B,21,sync_clientes,2025-11-25 13:26:28
411,1250489,2025-11-25,4A,40,sync_clientes,2025-11-25 13:26:28
412,1250530,2025-11-25,2C,22,sync_clientes,2025-11-25 13:26:28
413,1250624,2025-11-25,3A,30,sync_clientes,2025-11-25 13:26:28
414,1250630,2025-11-25,3C,32,sync_clientes,2025-11-25 13:26:28
415,1250704,2025-11-25,1A,10,sync_clientes,2025-11-25 13:26:28
416,1250757,2025-11-25,4B,41,sync_clientes,2025-11-25 13:26:28
417,1250763,2025-11-25,2B,21,sync_clientes,2025-11-25 13:26:28
418,1250894,2025-11-25,4A,40,sync_clientes,2025-11-25 13:26:28
419,1250897,2025-11-25,2B,21,sync_clientes,2025-11-25 13:26:28
420,1250912,2025-11-25,1C,12,sync_clientes,2025-11-25 13:26:28
421,1250914,2025-11-25,3B,31,sync_clientes,2025-11-25 13:26:28
422,1251035,2025-11-25,3C,32,sync_clientes,2025-11-25 13:26:28
423,1251120,2025-11-25,1C,12,sync_clientes,2025-11-25 13:26:28
424,1251122,2025-11-25,1B,11,sync_clientes,2025-11-25 13:26:28
425,1251157,2025-11-25,2B,21,sync_clientes,2025-11-25 13:26:28
426,1251272,2025-11-25,2B,21,sync_clientes,2025-11-25 13:26:28
427,1251280,2025-11-25,3A,30,sync_clientes,2025-11-25 13:26:28
428,1251284,2025-11-25,1B,11,sync_clientes,2025-11-25 13:26:28
429,1251287,2025-11-25,2C,22,sync_clientes,2025-11-25 13:26:28
430,1251295,2025-11-25,1B,11,sync_clientes,2025-11-25 13:26:28
431,1251297,2025-11-25,1B,11,sync_clientes,2025-11-25 13:26:28
432,1251298,2025-11-25,2B,21,sync_clientes,2025-11-25 13:26:28
433,1251315,2025-11-25,1B,11,sync_clientes,2025-11-25 13:26:28
434,1251320,2025-11-25,1B,11,sync_clientes,2025-11-25 13:26:28
435,1251324,2025-11-25,1B,11,sync_clientes,2025-11-25 13:26:28
436,1251328,2025-11-25,3B,31,sync_clientes,2025-11-25 13:26:28
437,1251330,2025-11-25,2B,21,sync_clientes,2025-11-25 13:26:28
438,1251337,2025-11-25,2C,22,sync_clientes,2025-11-25 13:26:28
439,1251351,2025-11-25,2B,21,sync_clientes,2025-11-25 13:26:28
440,1251352,2025-11-25,3A,30,sync_clientes,2025-11-25 13:26:28
441,1251355,2025-11-25,1C,12,sync_clientes,2025-11-25 13:26:28
442,1251371,2025-11-25,1C,12,sync_clientes,2025-11-25 13:26:28
443,1251428,2025-11-25,3A,30,sync_clientes,2025-11-25 13:26:28
444,1251436,2025-11-25,3A,30,sync_clientes,2025-11-25 13:26:28
445,1251437,2025-11-25,2A,20,sync_clientes,2025-11-25 13:26:28
446,1251446,2025-11-25,2A,20,sync_clientes,2025-11-25 13:26:28
447,1251460,2025-11-25,4A,40,sync_clientes,2025-11-25 13:26:28
448,1251496,2025-11-25,3B,31,sync_clientes,2025-11-25 13:26:28
449,1251631,2025-11-25,2A,20,sync_clientes,2025-11-25 13:26:28
450,1251633,2025-11-25,1B,11,sync_clientes,2025-11-25 13:26:28
451,1251650,2025-11-25,1C,12,sync_clientes,2025-11-25 13:26:28
452,1251659,2025-11-25,3A,30,sync_clientes,2025-11-25 13:26:28
453,1251697,2025-11-25,1C,12,sync_clientes,2025-11-25 13:26:28
454,1251734,2025-11-25,2A,20,sync_clientes,2025-11-25 13:26:28
455,1251759,2025-11-25,2A,20,sync_clientes,2025-11-25 13:26:28
456,1251790,2025-11-25,1C,12,sync_clientes,2025-11-25 13:26:28
457,1251832,2025-11-25,3B,31,sync_clientes,2025-11-25 13:26:28
458,1251843,2025-11-25,1C,12,sync_clientes,2025-11-25 13:26:28
459,1251846,2025-11-25,2B,21,sync_clientes,2025-11-25 13:26:28
460,1251900,2025-11-25,4B,41,sync_clientes,2025-11-25 13:26:28
461,1251933,2025-11-25,2C,22,sync_clientes,2025-11-25 13:26:28
462,1251935,2025-11-25,2A,20,sync_clientes,2025-11-25 13:26:28
463,1251937,2025-11-25,1C,12,sync_clientes,2025-11-25 13:26:28
464,1251942,2025-11-25,2C,22,sync_clientes,2025-11-25 13:26:28
465,1251946,2025-11-25,3B,31,sync_clientes,2025-11-25 13:26:28
466,1251947,2025-11-25,2B,21,sync_clientes,2025-11-25 13:26:28
467,1251952,2025-11-25,4B,41,sync_clientes,2025-11-25 13:26:28
468,1251953,2025-11-25,3A,30,sync_clientes,2025-11-25 13:26:28
469,1251968,2025-11-25,3C,32,sync_clientes,2025-11-25 13:26:28
470,1251969,2025-11-25,2C,22,sync_clientes,2025-11-25 13:26:28
471,1252001,2025-11-25,1A,10,sync_clientes,2025-11-25 13:26:28
472,1252006,2025-11-25,2B,21,sync_clientes,2025-11-25 13:26:28
473,1252009,2025-11-25,2B,21,sync_clientes,2025-11-25 13:26:28
474,1252011,2025-11-25,2B,21,sync_clientes,2025-11-25 13:26:28
475,1252014,2025-11-25,3A,30,sync_clientes,2025-11-25 13:26:28
476,1252036,2025-11-25,3A,30,sync_clientes,2025-11-25 13:26:28
477,1252042,2025-11-25,1C,12,sync_clientes,2025-11-25 13:26:28
478,1252053,2025-11-25,1B,11,sync_clientes,2025-11-25 13:26:28
479,1252060,2025-11-25,1B,11,sync_clientes,2025-11-25 13:26:28
480,1252066,2025-11-25,1B,11,sync_clientes,2025-11-25 13:26:28
481,1252082,2025-11-25,1C,12,sync_clientes,2025-11-25 13:26:28
482,1252088,2025-11-25,2A,20,sync_clientes,2025-11-25 13:26:28
483,1252138,2025-11-25,1B,11,sync_clientes,2025-11-25 13:26:28
484,1252142,2025-11-25,1A,10,sync_clientes,2025-11-25 13:26:28
485,1252146,2025-11-25,2A,20,sync_clientes,2025-11-25 13:26:28
486,1252147,2025-11-25,2A,20,sync_clientes,2025-11-25 13:26:28
487,1252159,2025-11-25,3A,30,sync_clientes,2025-11-25 13:26:28
488,1252174,2025-11-25,3B,31,sync_clientes,2025-11-25 13:26:28
489,1252206,2025-11-25,3C,32,sync_clientes,2025-11-25 13:26:28
490,1252222,2025-11-25,1B,11,sync_clientes,2025-11-25 13:26:28
491,1252234,2025-11-25,2B,21,sync_clientes,2025-11-25 13:26:28
492,1252236,2025-11-25,4B,41,sync_clientes,2025-11-25 13:26:28
493,1252237,2025-11-25,1B,11,sync_clientes,2025-11-25 13:26:28
494,1252268,2025-11-25,3A,30,sync_clientes,2025-11-25 13:26:28
495,1252293,2025-11-25,2C,22,sync_clientes,2025-11-25 13:26:28
496,1252398,2025-11-25,2B,21,sync_clientes,2025-11-25 13:26:28
497,1252410,2025-11-25,2B,21,sync_clientes,2025-11-25 13:26:28
498,1252413,2025-11-25,2C,22,sync_clientes,2025-11-25 13:26:28
499,1252453,2025-11-25,3A,30,sync_clientes,2025-11-25 13:26:28
500,1252454,2025-11-25,3A,30,sync_clientes,2025-11-25 13:26:28
501,1252458,2025-11-25,3A,30,sync_clientes,2025-11-25 13:26:28
502,1252459,2025-11-25,2B,21,sync_clientes,2025-11-25 13:26:28
503,1252465,2025-11-25,1B,11,sync_clientes,2025-11-25 13:26:28
504,1252468,2025-11-25,1B,11,sync_clientes,2025-11-25 13:26:28
505,1252475,2025-11-25,3B,31,sync_clientes,2025-11-25 13:26:28
506,1252479,2025-11-25,3B,31,sync_clientes,2025-11-25 13:26:28
507,1252480,2025-11-25,2A,20,sync_clientes,2025-11-25 13:26:28
508,1252484,2025-11-25,1A,10,sync_clientes,2025-11-25 13:26:28
509,1252510,2025-11-25,3A,30,sync_clientes,2025-11-25 13:26:28
510,1252516,2025-11-25,3A,30,sync_clientes,2025-11-25 13:26:28
511,1252525,2025-11-25,3A,30,sync_clientes,2025-11-25 13:26:28
512,1252571,2025-11-25,2C,22,sync_clientes,2025-11-25 13:26:28
513,1252575,2025-11-25,2C,22,sync_clientes,2025-11-25 13:26:28
514,1252616,2025-11-25,1C,12,sync_clientes,2025-11-25 13:26:28
515,1252653,2025-11-25,2A,20,sync_clientes,2025-11-25 13:26:28
516,1252660,2025-11-25,3A,30,sync_clientes,2025-11-25 13:26:28
517,1252692,2025-11-25,1A,10,sync_clientes,2025-11-25 13:26:28
518,1252895,2025-11-25,2C,22,sync_clientes,2025-11-25 13:26:28
519,1252916,2025-11-25,2C,22,sync_clientes,2025-11-25 13:26:28
520,1252924,2025-11-25,3A,30,sync_clientes,2025-11-25 13:26:28
521,1253100,2025-11-25,2B,21,sync_clientes,2025-11-25 13:26:28
522,1253132,2025-11-25,4A,40,sync_clientes,2025-11-25 13:26:28
523,1253187,2025-11-25,2A,20,sync_clientes,2025-11-25 13:26:28
524,1253188,2025-11-25,3A,30,sync_clientes,2025-11-25 13:26:28
525,1253194,2025-11-25,3A,30,sync_clientes,2025-11-25 13:26:28
526,1253196,2025-11-25,1C,12,sync_clientes,2025-11-25 13:26:28
527,1253197,2025-11-25,1C,12,sync_clientes,2025-11-25 13:26:28
528,1253247,2025-11-25,2B,21,sync_clientes,2025-11-25 13:26:28
529,1253248,2025-11-25,2B,21,sync_clientes,2025-11-25 13:26:28
530,1253308,2025-11-25,2B,21,sync_clientes,2025-11-25 13:26:28
531,1253438,2025-11-25,3C,32,sync_clientes,2025-11-25 13:26:28
532,1253451,2025-11-25,2C,22,sync_clientes,2025-11-25 13:26:28
533,1253468,2025-11-25,2B,21,sync_clientes,2025-11-25 13:26:28
534,1253501,2025-11-25,3A,30,sync_clientes,2025-11-25 13:26:28
535,1253535,2025-11-25,2B,21,sync_clientes,2025-11-25 13:26:28
536,1253539,2025-11-25,2B,21,sync_clientes,2025-11-25 13:26:28
537,1253549,2025-11-25,1C,12,sync_clientes,2025-11-25 13:26:28
538,1253572,2025-11-25,3A,30,sync_clientes,2025-11-25 13:26:28
539,1253580,2025-11-25,1A,10,sync_clientes,2025-11-25 13:26:28
540,1253593,2025-11-25,1C,12,sync_clientes,2025-11-25 13:26:28
541,1253605,2025-11-25,3A,30,sync_clientes,2025-11-25 13:26:28
542,1253607,2025-11-25,3A,30,sync_clientes,2025-11-25 13:26:28
543,1253622,2025-11-25,2A,20,sync_clientes,2025-11-25 13:26:28
544,1253629,2025-11-25,3A,30,sync_clientes,2025-11-25 13:26:28
545,1253630,2025-11-25,2A,20,sync_clientes,2025-11-25 13:26:28
546,1253632,2025-11-25,1C,12,sync_clientes,2025-11-25 13:26:28
547,1253637,2025-11-25,3B,31,sync_clientes,2025-11-25 13:26:28
548,1253703,2025-11-25,4B,41,sync_clientes,2025-11-25 13:26:28
549,1253724,2025-11-25,4A,40,sync_clientes,2025-11-25 13:26:28
550,1253756,2025-11-25,2B,21,sync_clientes,2025-11-25 13:26:28
551,1253761,2025-11-25,3B,31,sync_clientes,2025-11-25 13:26:28
552,1253763,2025-11-25,3C,32,sync_clientes,2025-11-25 13:26:28
553,1253765,2025-11-25,1A,10,sync_clientes,2025-11-25 13:26:28
554,1253766,2025-11-25,2C,22,sync_clientes,2025-11-25 13:26:28
555,1253767,2025-11-25,2A,20,sync_clientes,2025-11-25 13:26:28
556,1253768,2025-11-25,2B,21,sync_clientes,2025-11-25 13:26:28
557,1253769,2025-11-25,1C,12,sync_clientes,2025-11-25 13:26:28
558,1253771,2025-11-25,2C,22,sync_clientes,2025-11-25 13:26:28
559,1253778,2025-11-25,2C,22,sync_clientes,2025-11-25 13:26:28
560,1253788,2025-11-25,3A,30,sync_clientes,2025-11-25 13:26:28
561,1253789,2025-11-25,2C,22,sync_clientes,2025-11-25 13:26:28
562,1253790,2025-11-25,2C,22,sync_clientes,2025-11-25 13:26:28
563,1253799,2025-11-25,2A,20,sync_clientes,2025-11-25 13:26:28
564,1253801,2025-11-25,3B,31,sync_clientes,2025-11-25 13:26:28
565,1253804,2025-11-25,4A,40,sync_clientes,2025-11-25 13:26:28
566,1253805,2025-11-25,2C,22,sync_clientes,2025-11-25 13:26:28
567,1253846,2025-11-25,2B,21,sync_clientes,2025-11-25 13:26:28
568,1253879,2025-11-25,3A,30,sync_clientes,2025-11-25 13:26:28
569,1253998,2025-11-25,2B,21,sync_clientes,2025-11-25 13:26:28
570,1254001,2025-11-25,2B,21,sync_clientes,2025-11-25 13:26:28
571,1254021,2025-11-25,2C,22,sync_clientes,2025-11-25 13:26:28
572,1254023,2025-11-25,1A,10,sync_clientes,2025-11-25 13:26:28
573,1254030,2025-11-25,2B,21,sync_clientes,2025-11-25 13:26:28
574,1254045,2025-11-25,3A,30,sync_clientes,2025-11-25 13:26:28
575,1254046,2025-11-25,3A,30,sync_clientes,2025-11-25 13:26:28
576,1254054,2025-11-25,1C,12,sync_clientes,2025-11-25 13:26:28
577,1254061,2025-11-25,2A,20,sync_clientes,2025-11-25 13:26:28
578,1254090,2025-11-25,4A,40,sync_clientes,2025-11-25 13:26:28
579,1254092,2025-11-25,3A,30,sync_clientes,2025-11-25 13:26:28
580,1254102,2025-11-25,2A,20,sync_clientes,2025-11-25 13:26:28
581,1254118,2025-11-25,2B,21,sync_clientes,2025-11-25 13:26:28
582,1254126,2025-11-25,3C,32,sync_clientes,2025-11-25 13:26:28
583,1254128,2025-11-25,1B,11,sync_clientes,2025-11-25 13:26:28
584,1254142,2025-11-25,1B,11,sync_clientes,2025-11-25 13:26:28
585,1254152,2025-11-25,2A,20,sync_clientes,2025-11-25 13:26:28
586,1254155,2025-11-25,2B,21,sync_clientes,2025-11-25 13:26:28
587,1254160,2025-11-25,2B,21,sync_clientes,2025-11-25 13:26:28
588,1254371,2025-11-25,2B,21,sync_clientes,2025-11-25 13:26:28
589,1254377,2025-11-25,2B,21,sync_clientes,2025-11-25 13:26:28
590,1254395,2025-11-25,4A,40,sync_clientes,2025-11-25 13:26:28
591,1254488,2025-11-25,2B,21,sync_clientes,2025-11-25 13:26:28
592,1254492,2025-11-25,3B,31,sync_clientes,2025-11-25 13:26:28
593,1254517,2025-11-25,1B,11,sync_clientes,2025-11-25 13:26:28
594,1254521,2025-11-25,1B,11,sync_clientes,2025-11-25 13:26:28
595,1255158,2025-11-25,3A,30,sync_clientes,2025-11-25 13:26:28
596,1255193,2025-11-25,2A,20,sync_clientes,2025-11-25 13:26:28
597,1255223,2025-11-25,3B,31,sync_clientes,2025-11-25 13:26:28
598,1255243,2025-11-25,2B,21,sync_clientes,2025-11-25 13:26:28
599,1255521,2025-11-25,2C,22,sync_clientes,2025-11-25 13:26:28
600,1255542,2025-11-25,3A,30,sync_clientes,2025-11-25 13:26:28
601,1255546,2025-11-25,2C,22,sync_clientes,2025-11-25 13:26:28
602,1255616,2025-11-25,2A,20,sync_clientes,2025-11-25 13:26:28
603,1255679,2025-11-25,4C,42,sync_clientes,2025-11-25 13:26:28
604,1255711,2025-11-25,2C,22,sync_clientes,2025-11-25 13:26:28
605,1255715,2025-11-25,2C,22,sync_clientes,2025-11-25 13:26:28
606,1255767,2025-11-25,4A,40,sync_clientes,2025-11-25 13:26:28
607,1255930,2025-11-25,3A,30,sync_clientes,2025-11-25 13:26:28
608,1256244,2025-11-25,1C,12,sync_clientes,2025-11-25 13:26:28
609,1256269,2025-11-25,2A,20,sync_clientes,2025-11-25 13:26:28
610,1256325,2025-11-25,2C,22,sync_clientes,2025-11-25 13:26:28
611,1256385,2025-11-25,4A,40,sync_clientes,2025-11-25 13:26:28
612,1256458,2025-11-25,2B,21,sync_clientes,2025-11-25 13:26:28
613,1256532,2025-11-25,3A,30,sync_clientes,2025-11-25 13:26:28
614,1256538,2025-11-25,2A,20,sync_clientes,2025-11-25 13:26:28
615,1256543,2025-11-25,2A,20,sync_clientes,2025-11-25 13:26:28
616,1256550,2025-11-25,2C,22,sync_clientes,2025-11-25 13:26:28
617,1256644,2025-11-25,1A,10,sync_clientes,2025-11-25 13:26:28
618,1256647,2025-11-25,1B,11,sync_clientes,2025-11-25 13:26:28
619,1256785,2025-11-25,2C,22,sync_clientes,2025-11-25 13:26:28
620,1256821,2025-11-25,3A,30,sync_clientes,2025-11-25 13:26:28
621,1256843,2025-11-25,2C,22,sync_clientes,2025-11-25 13:26:28
622,1257896,2025-11-25,1B,11,sync_clientes,2025-11-25 13:26:28
623,1257907,2025-11-25,3B,31,sync_clientes,2025-11-25 13:26:28
624,1257911,2025-11-25,2B,21,sync_clientes,2025-11-25 13:26:28
625,1257933,2025-11-25,1C,12,sync_clientes,2025-11-25 13:26:28
626,1257938,2025-11-25,2C,22,sync_clientes,2025-11-25 13:26:28
627,1257940,2025-11-25,2B,21,sync_clientes,2025-11-25 13:26:28
628,1258137,2025-11-25,1C,12,sync_clientes,2025-11-25 13:26:28
629,1258154,2025-11-25,1B,11,sync_clientes,2025-11-25 13:26:28
630,1258189,2025-11-25,2C,22,sync_clientes,2025-11-25 13:26:28
631,1258213,2025-11-25,1C,12,sync_clientes,2025-11-25 13:26:28
632,1258237,2025-11-25,4A,40,sync_clientes,2025-11-25 13:26:28
633,1258241,2025-11-25,4B,41,sync_clientes,2025-11-25 13:26:28
634,1258245,2025-11-25,2C,22,sync_clientes,2025-11-25 13:26:28
635,1258351,2025-11-25,1B,11,sync_clientes,2025-11-25 13:26:28
636,1258398,2025-11-25,2A,20,sync_clientes,2025-11-25 13:26:28
637,1258514,2025-11-25,2A,20,sync_clientes,2025-11-25 13:26:28
638,1258591,2025-11-25,1B,11,sync_clientes,2025-11-25 13:26:28
639,1258607,2025-11-25,1B,11,sync_clientes,2025-11-25 13:26:28
640,1258610,2025-11-25,1A,10,sync_clientes,2025-11-25 13:26:28
641,1258612,2025-11-25,1B,11,sync_clientes,2025-11-25 13:26:28
642,1259045,2025-11-25,2A,20,sync_clientes,2025-11-25 13:26:28
643,1259342,2025-11-25,1A,10,sync_clientes,2025-11-25 13:26:28
644,1259343,2025-11-25,1C,12,sync_clientes,2025-11-25 13:26:28
645,1259431,2025-11-25,3A,30,sync_clientes,2025-11-25 13:26:28
646,1259441,2025-11-25,2B,21,sync_clientes,2025-11-25 13:26:28
647,1259462,2025-11-25,2C,22,sync_clientes,2025-11-25 13:26:28
648,1259501,2025-11-25,2B,21,sync_clientes,2025-11-25 13:26:28
649,1259504,2025-11-25,2B,21,sync_clientes,2025-11-25 13:26:28
650,1259516,2025-11-25,2C,22,sync_clientes,2025-11-25 13:26:28
651,1259528,2025-11-25,1C,12,sync_clientes,2025-11-25 13:26:28
652,1259539,2025-11-25,2C,22,sync_clientes,2025-11-25 13:26:28
653,1259547,2025-11-25,2C,22,sync_clientes,2025-11-25 13:26:28
654,1259548,2025-11-25,3A,30,sync_clientes,2025-11-25 13:26:28
655,1259552,2025-11-25,2C,22,sync_clientes,2025-11-25 13:26:28
656,1259596,2025-11-25,4B,41,sync_clientes,2025-11-25 13:26:28
657,1259600,2025-11-25,2B,21,sync_clientes,2025-11-25 13:26:28
658,1259604,2025-11-25,1A,10,sync_clientes,2025-11-25 13:26:28
659,1259605,2025-11-25,1C,12,sync_clientes,2025-11-25 13:26:28
660,1259607,2025-11-25,2A,20,sync_clientes,2025-11-25 13:26:28
661,1259608,2025-11-25,2A,20,sync_clientes,2025-11-25 13:26:28
662,1259611,2025-11-25,2C,22,sync_clientes,2025-11-25 13:26:28
663,1259618,2025-11-25,1B,11,sync_clientes,2025-11-25 13:26:28
664,1259631,2025-11-25,3A,30,sync_clientes,2025-11-25 13:26:28
665,1259642,2025-11-25,2B,21,sync_clientes,2025-11-25 13:26:28
666,1259646,2025-11-25,4B,41,sync_clientes,2025-11-25 13:26:28
667,1260061,2025-11-25,2C,22,sync_clientes,2025-11-25 13:26:28
668,1260063,2025-11-25,3B,31,sync_clientes,2025-11-25 13:26:28
669,1260110,2025-11-25,1C,12,sync_clientes,2025-11-25 13:26:28
670,1260111,2025-11-25,1C,12,sync_clientes,2025-11-25 13:26:28
671,1260120,2025-11-25,2C,22,sync_clientes,2025-11-25 13:26:28
672,1260128,2025-11-25,2B,21,sync_clientes,2025-11-25 13:26:28
673,1260158,2025-11-25,1A,10,sync_clientes,2025-11-25 13:26:28
674,1260242,2025-11-25,3B,31,sync_clientes,2025-11-25 13:26:28
675,1260387,2025-11-25,2A,20,sync_clientes,2025-11-25 13:26:28
676,1260593,2025-11-25,1B,11,sync_clientes,2025-11-25 13:26:28
677,1260601,2025-11-25,1A,10,sync_clientes,2025-11-25 13:26:28
678,1260607,2025-11-25,3A,30,sync_clientes,2025-11-25 13:26:28
679,1260609,2025-11-25,2C,22,sync_clientes,2025-11-25 13:26:28
680,1260625,2025-11-25,4C,42,sync_clientes,2025-11-25 13:26:28
681,1260685,2025-11-25,1C,12,sync_clientes,2025-11-25 13:26:28
682,1260711,2025-11-25,1B,11,sync_clientes,2025-11-25 13:26:28
683,1260912,2025-11-25,1B,11,sync_clientes,2025-11-25 13:26:28
684,1260924,2025-11-25,1B,11,sync_clientes,2025-11-25 13:26:28
685,1261121,2025-11-25,3A,30,sync_clientes,2025-11-25 13:26:28
686,1261237,2025-11-25,3B,31,sync_clientes,2025-11-25 13:26:28
687,1261275,2025-11-25,1B,11,sync_clientes,2025-11-25 13:26:28
688,1261276,2025-11-25,3A,30,sync_clientes,2025-11-25 13:26:28
689,1261282,2025-11-25,2B,21,sync_clientes,2025-11-25 13:26:28
690,1261330,2025-11-25,2B,21,sync_clientes,2025-11-25 13:26:28
691,1261332,2025-11-25,3B,31,sync_clientes,2025-11-25 13:26:28
692,1261363,2025-11-25,2C,22,sync_clientes,2025-11-25 13:26:28
693,1261397,2025-11-25,2C,22,sync_clientes,2025-11-25 13:26:28
694,1261406,2025-11-25,1C,12,sync_clientes,2025-11-25 13:26:28
695,1261426,2025-11-25,1C,12,sync_clientes,2025-11-25 13:26:28
696,1261432,2025-11-25,2C,22,sync_clientes,2025-11-25 13:26:28
697,1261582,2025-11-25,1B,11,sync_clientes,2025-11-25 13:26:28
698,1261629,2025-11-25,3C,32,sync_clientes,2025-11-25 13:26:28
699,1261635,2025-11-25,1C,12,sync_clientes,2025-11-25 13:26:28
700,1261679,2025-11-25,1A,10,sync_clientes,2025-11-25 13:26:28
701,1261681,2025-11-25,1C,12,sync_clientes,2025-11-25 13:26:28
702,1261683,2025-11-25,1B,11,sync_clientes,2025-11-25 13:26:28
703,1261685,2025-11-25,1A,10,sync_clientes,2025-11-25 13:26:28
704,1261686,2025-11-25,1C,12,sync_clientes,2025-11-25 13:26:28
705,1261695,2025-11-25,2C,22,sync_clientes,2025-11-25 13:26:28
706,1261810,2025-11-25,4B,41,sync_clientes,2025-11-25 13:26:28
707,1261906,2025-11-25,2B,21,sync_clientes,2025-11-25 13:26:28
708,1262400,2025-11-25,3B,31,sync_clientes,2025-11-25 13:26:28
709,1262402,2025-11-25,4B,41,sync_clientes,2025-11-25 13:26:28
710,1262421,2025-11-25,2A,20,sync_clientes,2025-11-25 13:26:28
711,1262422,2025-11-25,2A,20,sync_clientes,2025-11-25 13:26:28
712,1262426,2025-11-25,2A,20,sync_clientes,2025-11-25 13:26:28
713,1262427,2025-11-25,3C,32,sync_clientes,2025-11-25 13:26:28
714,1262524,2025-11-25,1B,11,sync_clientes,2025-11-25 13:26:28
715,1262550,2025-11-25,1B,11,sync_clientes,2025-11-25 13:26:28
716,1262551,2025-11-25,1C,12,sync_clientes,2025-11-25 13:26:28
717,1262631,2025-11-25,2A,20,sync_clientes,2025-11-25 13:26:28
718,1262737,2025-11-25,2B,21,sync_clientes,2025-11-25 13:26:28
719,1262788,2025-11-25,2B,21,sync_clientes,2025-11-25 13:26:28
720,1262885,2025-11-25,2A,20,sync_clientes,2025-11-25 13:26:28
721,1262896,2025-11-25,1C,12,sync_clientes,2025-11-25 13:26:28
722,1262930,2025-11-25,2C,22,sync_clientes,2025-11-25 13:26:28
723,1262985,2025-11-25,2B,21,sync_clientes,2025-11-25 13:26:28
724,1263023,2025-11-25,2B,21,sync_clientes,2025-11-25 13:26:28
725,1263029,2025-11-25,2B,21,sync_clientes,2025-11-25 13:26:28
726,1263094,2025-11-25,1C,12,sync_clientes,2025-11-25 13:26:28
727,1263161,2025-11-25,2A,20,sync_clientes,2025-11-25 13:26:28
728,1263166,2025-11-25,1B,11,sync_clientes,2025-11-25 13:26:28
729,1263170,2025-11-25,1A,10,sync_clientes,2025-11-25 13:26:28
730,1263171,2025-11-25,2A,20,sync_clientes,2025-11-25 13:26:28
731,1263268,2025-11-25,2C,22,sync_clientes,2025-11-25 13:26:28
732,1263282,2025-11-25,1C,12,sync_clientes,2025-11-25 13:26:28
733,1263387,2025-11-25,3C,32,sync_clientes,2025-11-25 13:26:28
734,1263500,2025-11-25,2B,21,sync_clientes,2025-11-25 13:26:28
735,1263506,2025-11-25,2B,21,sync_clientes,2025-11-25 13:26:28
736,1263508,2025-11-25,2B,21,sync_clientes,2025-11-25 13:26:28
737,1263511,2025-11-25,2B,21,sync_clientes,2025-11-25 13:26:28
738,1263587,2025-11-25,2B,21,sync_clientes,2025-11-25 13:26:28
739,1263591,2025-11-25,2C,22,sync_clientes,2025-11-25 13:26:28
740,1263774,2025-11-25,3A,30,sync_clientes,2025-11-25 13:26:28
741,1263785,2025-11-25,3A,30,sync_clientes,2025-11-25 13:26:28
742,1263788,2025-11-25,2B,21,sync_clientes,2025-11-25 13:26:28
743,1263815,2025-11-25,1B,11,sync_clientes,2025-11-25 13:26:28
744,1263819,2025-11-25,2A,20,sync_clientes,2025-11-25 13:26:28
745,1263868,2025-11-25,2A,20,sync_clientes,2025-11-25 13:26:28
746,1263870,2025-11-25,3A,30,sync_clientes,2025-11-25 13:26:28
747,1263872,2025-11-25,1B,11,sync_clientes,2025-11-25 13:26:28
748,1263896,2025-11-25,2C,22,sync_clientes,2025-11-25 13:26:28
749,1263929,2025-11-25,2C,22,sync_clientes,2025-11-25 13:26:28
750,1263968,2025-11-25,2A,20,sync_clientes,2025-11-25 13:26:28
751,1263972,2025-11-25,4A,40,sync_clientes,2025-11-25 13:26:28
752,1264014,2025-11-25,3C,32,sync_clientes,2025-11-25 13:26:28
753,1264044,2025-11-25,2B,21,sync_clientes,2025-11-25 13:26:28
754,1264048,2025-11-25,2B,21,sync_clientes,2025-11-25 13:26:28
755,1264164,2025-11-25,1C,12,sync_clientes,2025-11-25 13:26:28
756,1264216,2025-11-25,1B,11,sync_clientes,2025-11-25 13:26:28
757,1264220,2025-11-25,1B,11,sync_clientes,2025-11-25 13:26:28
758,1264248,2025-11-25,1C,12,sync_clientes,2025-11-25 13:26:28
759,1264253,2025-11-25,1B,11,sync_clientes,2025-11-25 13:26:28
760,1264260,2025-11-25,3C,32,sync_clientes,2025-11-25 13:26:28
761,1264269,2025-11-25,1B,11,sync_clientes,2025-11-25 13:26:28
762,1264288,2025-11-25,1C,12,sync_clientes,2025-11-25 13:26:28
763,1264299,2025-11-25,1B,11,sync_clientes,2025-11-25 13:26:28
764,1264300,2025-11-25,2B,21,sync_clientes,2025-11-25 13:26:28
765,1264312,2025-11-25,3B,31,sync_clientes,2025-11-25 13:26:28
766,1264319,2025-11-25,2A,20,sync_clientes,2025-11-25 13:26:28
767,1264326,2025-11-25,2B,21,sync_clientes,2025-11-25 13:26:28
768,1264327,2025-11-25,2B,21,sync_clientes,2025-11-25 13:26:28
769,1264337,2025-11-25,2A,20,sync_clientes,2025-11-25 13:26:28
770,1264339,2025-11-25,3A,30,sync_clientes,2025-11-25 13:26:28
771,1264364,2025-11-25,2B,21,sync_clientes,2025-11-25 13:26:28
772,1264472,2025-11-25,2A,20,sync_clientes,2025-11-25 13:26:28
773,1264588,2025-11-25,1B,11,sync_clientes,2025-11-25 13:26:28
774,1264590,2025-11-25,1B,11,sync_clientes,2025-11-25 13:26:28
775,1264693,2025-11-25,1C,12,sync_clientes,2025-11-25 13:26:28
776,1264714,2025-11-25,1B,11,sync_clientes,2025-11-25 13:26:28
777,1264718,2025-11-25,1B,11,sync_clientes,2025-11-25 13:26:28
778,1264804,2025-11-25,2A,20,sync_clientes,2025-11-25 13:26:28
779,1264805,2025-11-25,2A,20,sync_clientes,2025-11-25 13:26:28
780,1273249,2025-11-25,1A,10,sync_clientes,2025-11-25 13:26:28
781,1273272,2025-11-25,2B,21,sync_clientes,2025-11-25 13:26:28
782,1273288,2025-11-25,1B,11,sync_clientes,2025-11-25 13:26:28
783,1273291,2025-11-25,2B,21,sync_clientes,2025-11-25 13:26:28
784,1273292,2025-11-25,2B,21,sync_clientes,2025-11-25 13:26:28
785,1273338,2025-11-25,2B,21,sync_clientes,2025-11-25 13:26:28
786,1273342,2025-11-25,3A,30,sync_clientes,2025-11-25 13:26:28
787,1273352,2025-11-25,1B,11,sync_clientes,2025-11-25 13:26:28
788,1273385,2025-11-25,1B,11,sync_clientes,2025-11-25 13:26:28
789,1273387,2025-11-25,3A,30,sync_clientes,2025-11-25 13:26:28
790,1273392,2025-11-25,3A,30,sync_clientes,2025-11-25 13:26:28
791,1273433,2025-11-25,2B,21,sync_clientes,2025-11-25 13:26:28
792,1273441,2025-11-25,1B,11,sync_clientes,2025-11-25 13:26:28
793,1273448,2025-11-25,3A,30,sync_clientes,2025-11-25 13:26:28
794,1273474,2025-11-25,1A,10,sync_clientes,2025-11-25 13:26:28
795,1273479,2025-11-25,2B,21,sync_clientes,2025-11-25 13:26:28
796,1273604,2025-11-25,2B,21,sync_clientes,2025-11-25 13:26:28
797,1273793,2025-11-25,1C,12,sync_clientes,2025-11-25 13:26:28
798,1273800,2025-11-25,3A,30,sync_clientes,2025-11-25 13:26:28
799,1273885,2025-11-25,2A,20,sync_clientes,2025-11-25 13:26:28
800,1273913,2025-11-25,3A,30,sync_clientes,2025-11-25 13:26:28
801,1273947,2025-11-25,1C,12,sync_clientes,2025-11-25 13:26:28
802,1273952,2025-11-25,4A,40,sync_clientes,2025-11-25 13:26:28
803,1274047,2025-11-25,4A,40,sync_clientes,2025-11-25 13:26:28
804,1274098,2025-11-25,2A,20,sync_clientes,2025-11-25 13:26:28
805,1274112,2025-11-25,1B,11,sync_clientes,2025-11-25 13:26:28
806,1274158,2025-11-25,3A,30,sync_clientes,2025-11-25 13:26:28
807,1274610,2025-11-25,1B,11,sync_clientes,2025-11-25 13:26:28
808,1274625,2025-11-25,1C,12,sync_clientes,2025-11-25 13:26:28
809,1274669,2025-11-25,3A,30,sync_clientes,2025-11-25 13:26:28
810,1274670,2025-11-25,3A,30,sync_clientes,2025-11-25 13:26:28
811,1274675,2025-11-25,2B,21,sync_clientes,2025-11-25 13:26:28
812,1274894,2025-11-25,4B,41,sync_clientes,2025-11-25 13:26:28
813,1275006,2025-11-25,2B,21,sync_clientes,2025-11-25 13:26:28
814,1275024,2025-11-25,2C,22,sync_clientes,2025-11-25 13:26:28
815,1275058,2025-11-25,1C,12,sync_clientes,2025-11-25 13:26:28
816,1275062,2025-11-25,2B,21,sync_clientes,2025-11-25 13:26:28
817,1275067,2025-11-25,2B,21,sync_clientes,2025-11-25 13:26:28
818,1275070,2025-11-25,2B,21,sync_clientes,2025-11-25 13:26:28
819,1275097,2025-11-25,2C,22,sync_clientes,2025-11-25 13:26:28
820,1275104,2025-11-25,2A,20,sync_clientes,2025-11-25 13:26:28
821,1275110,2025-11-25,1C,12,sync_clientes,2025-11-25 13:26:28
822,1275113,2025-11-25,1B,11,sync_clientes,2025-11-25 13:26:28
823,1275144,2025-11-25,2A,20,sync_clientes,2025-11-25 13:26:28
824,1275165,2025-11-25,1A,10,sync_clientes,2025-11-25 13:26:28
825,1275183,2025-11-25,2C,22,sync_clientes,2025-11-25 13:26:28
826,1275207,2025-11-25,1C,12,sync_clientes,2025-11-25 13:26:28
827,1275210,2025-11-25,1C,12,sync_clientes,2025-11-25 13:26:28
828,1275213,2025-11-25,1C,12,sync_clientes,2025-11-25 13:26:28
829,1275277,2025-11-25,2B,21,sync_clientes,2025-11-25 13:26:28
830,1275368,2025-11-25,1A,10,sync_clientes,2025-11-25 13:26:28
831,1275424,2025-11-25,2B,21,sync_clientes,2025-11-25 13:26:28
832,1275444,2025-11-25,2B,21,sync_clientes,2025-11-25 13:26:28
833,1275477,2025-11-25,3A,30,sync_clientes,2025-11-25 13:26:28
834,1275504,2025-11-25,2B,21,sync_clientes,2025-11-25 13:26:28
835,1275677,2025-11-25,2C,22,sync_clientes,2025-11-25 13:26:28
836,1275788,2025-11-25,4A,40,sync_clientes,2025-11-25 13:26:28
837,1275844,2025-11-25,1C,12,sync_clientes,2025-11-25 13:26:28
838,1275994,2025-11-25,1A,10,sync_clientes,2025-11-25 13:26:28
839,1276137,2025-11-25,1B,11,sync_clientes,2025-11-25 13:26:28
840,1276149,2025-11-25,2C,22,sync_clientes,2025-11-25 13:26:28
841,1276276,2025-11-25,2B,21,sync_clientes,2025-11-25 13:26:28
842,1276327,2025-11-25,1C,12,sync_clientes,2025-11-25 13:26:28
843,1276430,2025-11-25,3C,32,sync_clientes,2025-11-25 13:26:28
844,1276449,2025-11-25,2B,21,sync_clientes,2025-11-25 13:26:28
845,1277251,2025-11-25,1B,11,sync_clientes,2025-11-25 13:26:28
846,1277264,2025-11-25,1B,11,sync_clientes,2025-11-25 13:26:28
847,1277377,2025-11-25,1C,12,sync_clientes,2025-11-25 13:26:28
848,1277381,2025-11-25,1C,12,sync_clientes,2025-11-25 13:26:28
849,1277463,2025-11-25,1B,11,sync_clientes,2025-11-25 13:26:28
850,1277466,2025-11-25,1B,11,sync_clientes,2025-11-25 13:26:28
851,1277560,2025-11-25,2B,21,sync_clientes,2025-11-25 13:26:28
852,1277563,2025-11-25,2C,22,sync_clientes,2025-11-25 13:26:28
853,1277586,2025-11-25,3A,30,sync_clientes,2025-11-25 13:26:28
854,1277847,2025-11-25,1B,11,sync_clientes,2025-11-25 13:26:28
855,1277892,2025-11-25,3C,32,sync_clientes,2025-11-25 13:26:28
856,1278151,2025-11-25,3B,31,sync_clientes,2025-11-25 13:26:28
857,1278155,2025-11-25,1C,12,sync_clientes,2025-11-25 13:26:28
858,1278502,2025-11-25,2A,20,sync_clientes,2025-11-25 13:26:28
859,1278567,2025-11-25,1B,11,sync_clientes,2025-11-25 13:26:28
860,1278641,2025-11-25,2C,22,sync_clientes,2025-11-25 13:26:28
861,1278642,2025-11-25,2C,22,sync_clientes,2025-11-25 13:26:28
862,1279093,2025-11-25,1B,11,sync_clientes,2025-11-25 13:26:28
863,1279147,2025-11-25,2B,21,sync_clientes,2025-11-25 13:26:28
864,1279184,2025-11-25,2B,21,sync_clientes,2025-11-25 13:26:28
865,1279198,2025-11-25,3A,30,sync_clientes,2025-11-25 13:26:28
866,1279343,2025-11-25,2C,22,sync_clientes,2025-11-25 13:26:28
867,1279345,2025-11-25,2B,21,sync_clientes,2025-11-25 13:26:28
868,1279366,2025-11-25,2A,20,sync_clientes,2025-11-25 13:26:28
869,1279369,2025-11-25,2B,21,sync_clientes,2025-11-25 13:26:28
870,1279462,2025-11-25,3A,30,sync_clientes,2025-11-25 13:26:28
871,1279480,2025-11-25,3A,30,sync_clientes,2025-11-25 13:26:28
872,1279507,2025-11-25,3B,31,sync_clientes,2025-11-25 13:26:28
873,1281812,2025-11-25,3A,30,sync_clientes,2025-11-25 13:26:28
874,1281821,2025-11-25,2A,20,sync_clientes,2025-11-25 13:26:28
875,1281856,2025-11-25,2B,21,sync_clientes,2025-11-25 13:26:28
876,1281883,2025-11-25,1B,11,sync_clientes,2025-11-25 13:26:28
877,1281972,2025-11-25,2B,21,sync_clientes,2025-11-25 13:26:28
878,1282191,2025-11-25,2A,20,sync_clientes,2025-11-25 13:26:28
879,1282335,2025-11-25,2A,20,sync_clientes,2025-11-25 13:26:28
880,1282340,2025-11-25,2A,20,sync_clientes,2025-11-25 13:26:28
881,1282371,2025-11-25,3A,30,sync_clientes,2025-11-25 13:26:28
882,1282389,2025-11-25,3A,30,sync_clientes,2025-11-25 13:26:28
883,1282411,2025-11-25,3A,30,sync_clientes,2025-11-25 13:26:28
884,1282484,2025-11-25,3A,30,sync_clientes,2025-11-25 13:26:28
885,1282490,2025-11-25,2B,21,sync_clientes,2025-11-25 13:26:28
886,1282492,2025-11-25,2A,20,sync_clientes,2025-11-25 13:26:28
887,1282509,2025-11-25,2B,21,sync_clientes,2025-11-25 13:26:28
888,1282551,2025-11-25,2A,20,sync_clientes,2025-11-25 13:26:28
889,1282578,2025-11-25,2C,22,sync_clientes,2025-11-25 13:26:28
890,1282701,2025-11-25,1B,11,sync_clientes,2025-11-25 13:26:28
891,1282702,2025-11-25,1B,11,sync_clientes,2025-11-25 13:26:28
892,1282913,2025-11-25,3B,31,sync_clientes,2025-11-25 13:26:28
893,1282939,2025-11-25,2C,22,sync_clientes,2025-11-25 13:26:28
894,1282940,2025-11-25,1B,11,sync_clientes,2025-11-25 13:26:28
895,1282954,2025-11-25,2A,20,sync_clientes,2025-11-25 13:26:28
896,1282962,2025-11-25,1A,10,sync_clientes,2025-11-25 13:26:28
897,1282977,2025-11-25,4B,41,sync_clientes,2025-11-25 13:26:28
898,1283028,2025-11-25,1A,10,sync_clientes,2025-11-25 13:26:28
899,1283031,2025-11-25,1A,10,sync_clientes,2025-11-25 13:26:28
900,1283054,2025-11-25,2A,20,sync_clientes,2025-11-25 13:26:28
901,1283081,2025-11-25,2B,21,sync_clientes,2025-11-25 13:26:28
902,1283087,2025-11-25,2B,21,sync_clientes,2025-11-25 13:26:28
903,1283120,2025-11-25,2A,20,sync_clientes,2025-11-25 13:26:28
904,1283159,2025-11-25,2C,22,sync_clientes,2025-11-25 13:26:28
905,1283163,2025-11-25,1A,10,sync_clientes,2025-11-25 13:26:28
906,1283165,2025-11-25,1B,11,sync_clientes,2025-11-25 13:26:28
907,1283178,2025-11-25,2C,22,sync_clientes,2025-11-25 13:26:28
908,1283182,2025-11-25,4A,40,sync_clientes,2025-11-25 13:26:28
909,1283190,2025-11-25,3A,30,sync_clientes,2025-11-25 13:26:28
910,1283193,2025-11-25,2A,20,sync_clientes,2025-11-25 13:26:28
911,1283240,2025-11-25,2C,22,sync_clientes,2025-11-25 13:26:28
912,1283248,2025-11-25,3A,30,sync_clientes,2025-11-25 13:26:28
913,1283264,2025-11-25,2B,21,sync_clientes,2025-11-25 13:26:28
914,1283349,2025-11-25,3C,32,sync_clientes,2025-11-25 13:26:28
915,1283373,2025-11-25,2A,20,sync_clientes,2025-11-25 13:26:28
916,1283405,2025-11-25,2C,22,sync_clientes,2025-11-25 13:26:28
917,1283408,2025-11-25,2C,22,sync_clientes,2025-11-25 13:26:28
918,1283431,2025-11-25,1B,11,sync_clientes,2025-11-25 13:26:28
919,1283442,2025-11-25,3A,30,sync_clientes,2025-11-25 13:26:28
920,1283444,2025-11-25,2A,20,sync_clientes,2025-11-25 13:26:28
921,1283460,2025-11-25,1B,11,sync_clientes,2025-11-25 13:26:28
922,1283465,2025-11-25,3A,30,sync_clientes,2025-11-25 13:26:28
923,1283467,2025-11-25,1A,10,sync_clientes,2025-11-25 13:26:28
924,1283469,2025-11-25,2B,21,sync_clientes,2025-11-25 13:26:28
925,1283472,2025-11-25,1C,12,sync_clientes,2025-11-25 13:26:28
926,1283479,2025-11-25,2B,21,sync_clientes,2025-11-25 13:26:28
927,1283494,2025-11-25,1B,11,sync_clientes,2025-11-25 13:26:28
928,1283497,2025-11-25,1B,11,sync_clientes,2025-11-25 13:26:28
929,1283498,2025-11-25,1B,11,sync_clientes,2025-11-25 13:26:28
930,1283499,2025-11-25,1B,11,sync_clientes,2025-11-25 13:26:28
931,1283501,2025-11-25,1B,11,sync_clientes,2025-11-25 13:26:28
932,1283505,2025-11-25,2B,21,sync_clientes,2025-11-25 13:26:28
933,1283507,2025-11-25,2B,21,sync_clientes,2025-11-25 13:26:28
934,1283553,2025-11-25,4B,41,sync_clientes,2025-11-25 13:26:28
935,1283555,2025-11-25,2C,22,sync_clientes,2025-11-25 13:26:28
936,1283572,2025-11-25,2A,20,sync_clientes,2025-11-25 13:26:28
937,1283577,2025-11-25,2B,21,sync_clientes,2025-11-25 13:26:28
938,1283615,2025-11-25,2A,20,sync_clientes,2025-11-25 13:26:28
939,1283919,2025-11-25,3A,30,sync_clientes,2025-11-25 13:26:28
940,1283935,2025-11-25,2C,22,sync_clientes,2025-11-25 13:26:28
941,1283975,2025-11-25,2C,22,sync_clientes,2025-11-25 13:26:28
942,1284123,2025-11-25,2B,21,sync_clientes,2025-11-25 13:26:28
943,1284149,2025-11-25,2B,21,sync_clientes,2025-11-25 13:26:28
944,1284224,2025-11-25,3A,30,sync_clientes,2025-11-25 13:26:28
945,1284230,2025-11-25,2C,22,sync_clientes,2025-11-25 13:26:28
946,1284341,2025-11-25,2A,20,sync_clientes,2025-11-25 13:26:28
947,1284364,2025-11-25,2A,20,sync_clientes,2025-11-25 13:26:28
948,1284385,2025-11-25,2B,21,sync_clientes,2025-11-25 13:26:28
949,1284547,2025-11-25,3A,30,sync_clientes,2025-11-25 13:26:28
950,1284577,2025-11-25,1C,12,sync_clientes,2025-11-25 13:26:28
951,1284803,2025-11-25,2B,21,sync_clientes,2025-11-25 13:26:28
952,1284806,2025-11-25,2B,21,sync_clientes,2025-11-25 13:26:28
953,1284882,2025-11-25,2A,20,sync_clientes,2025-11-25 13:26:28
954,1284929,2025-11-25,2C,22,sync_clientes,2025-11-25 13:26:28
955,1284954,2025-11-25,1C,12,sync_clientes,2025-11-25 13:26:28
956,1284995,2025-11-25,1B,11,sync_clientes,2025-11-25 13:26:28
957,1285408,2025-11-25,3A,30,sync_clientes,2025-11-25 13:26:28
958,1285800,2025-11-25,1A,10,sync_clientes,2025-11-25 13:26:28
959,1285802,2025-11-25,1C,12,sync_clientes,2025-11-25 13:26:28
960,1285817,2025-11-25,1B,11,sync_clientes,2025-11-25 13:26:28
961,1285862,2025-11-25,2C,22,sync_clientes,2025-11-25 13:26:28
962,1285876,2025-11-25,1B,11,sync_clientes,2025-11-25 13:26:28
963,1286094,2025-11-25,3A,30,sync_clientes,2025-11-25 13:26:28
964,1286239,2025-11-25,1A,10,sync_clientes,2025-11-25 13:26:28
965,1286307,2025-11-25,1B,11,sync_clientes,2025-11-25 13:26:28
966,1286308,2025-11-25,2B,21,sync_clientes,2025-11-25 13:26:28
967,1286309,2025-11-25,3A,30,sync_clientes,2025-11-25 13:26:28
968,1286329,2025-11-25,1B,11,sync_clientes,2025-11-25 13:26:28
969,1286374,2025-11-25,2A,20,sync_clientes,2025-11-25 13:26:28
970,1286380,2025-11-25,1A,10,sync_clientes,2025-11-25 13:26:28
971,1286425,2025-11-25,2C,22,sync_clientes,2025-11-25 13:26:28
972,1286509,2025-11-25,1B,11,sync_clientes,2025-11-25 13:26:28
973,1286517,2025-11-25,1B,11,sync_clientes,2025-11-25 13:26:28
974,1286524,2025-11-25,2A,20,sync_clientes,2025-11-25 13:26:28
975,1286525,2025-11-25,2C,22,sync_clientes,2025-11-25 13:26:28
976,1287498,2025-11-25,2A,20,sync_clientes,2025-11-25 13:26:28
977,1287570,2025-11-25,2B,21,sync_clientes,2025-11-25 13:26:28
978,1287710,2025-11-25,2A,20,sync_clientes,2025-11-25 13:26:28
979,1287714,2025-11-25,1C,12,sync_clientes,2025-11-25 13:26:28
980,1287719,2025-11-25,1C,12,sync_clientes,2025-11-25 13:26:28
981,1287810,2025-11-25,2C,22,sync_clientes,2025-11-25 13:26:28
982,1287814,2025-11-25,2A,20,sync_clientes,2025-11-25 13:26:28
983,1287900,2025-11-25,1C,12,sync_clientes,2025-11-25 13:26:28
984,1287904,2025-11-25,1B,11,sync_clientes,2025-11-25 13:26:28
985,1288047,2025-11-25,2B,21,sync_clientes,2025-11-25 13:26:28
986,1288070,2025-11-25,2A,20,sync_clientes,2025-11-25 13:26:28
987,1288089,2025-11-25,2A,20,sync_clientes,2025-11-25 13:26:28
988,1288098,2025-11-25,2B,21,sync_clientes,2025-11-25 13:26:28
989,1288177,2025-11-25,1B,11,sync_clientes,2025-11-25 13:26:28
990,1288398,2025-11-25,2A,20,sync_clientes,2025-11-25 13:26:28
991,1288410,2025-11-25,1C,12,sync_clientes,2025-11-25 13:26:28
992,1288424,2025-11-25,4A,40,sync_clientes,2025-11-25 13:26:28
993,1288466,2025-11-25,2B,21,sync_clientes,2025-11-25 13:26:28
994,1288467,2025-11-25,2C,22,sync_clientes,2025-11-25 13:26:28
995,1288473,2025-11-25,2A,20,sync_clientes,2025-11-25 13:26:28
996,1288476,2025-11-25,1B,11,sync_clientes,2025-11-25 13:26:28
997,1313915,2025-11-25,2B,21,sync_clientes,2025-11-25 13:26:28
998,1314146,2025-11-25,1B,11,sync_clientes,2025-11-25 13:26:28
999,1314265,2025-11-25,3A,30,sync_clientes,2025-11-25 13:26:28
1000,1314288,2025-11-25,2A,20,sync_clientes,2025-11-25 13:26:28
1001,1314299,2025-11-25,1C,12,sync_clientes,2025-11-25 13:26:28
1002,1314328,2025-11-25,1B,11,sync_clientes,2025-11-25 13:26:28
1003,1314354,2025-11-25,2C,22,sync_clientes,2025-11-25 13:26:28
1004,1314357,2025-11-25,2C,22,sync_clientes,2025-11-25 13:26:28
1005,1314413,2025-11-25,1C,12,sync_clientes,2025-11-25 13:26:28
1006,1315265,2025-11-25,1C,12,sync_clientes,2025-11-25 13:26:28
1007,1315368,2025-11-25,2B,21,sync_clientes,2025-11-25 13:26:28
1008,1315371,2025-11-25,2A,20,sync_clientes,2025-11-25 13:26:28
1009,1315374,2025-11-25,2A,20,sync_clientes,2025-11-25 13:26:28
1010,1315492,2025-11-25,1A,10,sync_clientes,2025-11-25 13:26:28
1011,1315610,2025-11-25,2A,20,sync_clientes,2025-11-25 13:26:28
1012,1315771,2025-11-25,2B,21,sync_clientes,2025-11-25 13:26:28
1013,1315895,2025-11-25,2B,21,sync_clientes,2025-11-25 13:26:28
1014,1315899,2025-11-25,2B,21,sync_clientes,2025-11-25 13:26:28
1015,1315906,2025-11-25,2B,21,sync_clientes,2025-11-25 13:26:28
1016,1315990,2025-11-25,1B,11,sync_clientes,2025-11-25 13:26:28
1017,1316006,2025-11-25,3A,30,sync_clientes,2025-11-25 13:26:28
1018,1316101,2025-11-25,1B,11,sync_clientes,2025-11-25 13:26:28
1019,1316391,2025-11-25,2C,22,sync_clientes,2025-11-25 13:26:28
1020,1316943,2025-11-25,1B,11,sync_clientes,2025-11-25 13:26:28
1021,1318531,2025-11-25,3A,30,sync_clientes,2025-11-25 13:26:28
1022,1318541,2025-11-25,3C,32,sync_clientes,2025-11-25 13:26:28
1023,1318559,2025-11-25,1C,12,sync_clientes,2025-11-25 13:26:28
1024,1318853,2025-11-25,3A,30,sync_clientes,2025-11-25 13:26:28
1025,1318985,2025-11-25,2A,20,sync_clientes,2025-11-25 13:26:28
1026,1319029,2025-11-25,1B,11,sync_clientes,2025-11-25 13:26:28
1027,1319034,2025-11-25,2C,22,sync_clientes,2025-11-25 13:26:28
1028,1319036,2025-11-25,2B,21,sync_clientes,2025-11-25 13:26:28
1029,1319150,2025-11-25,1B,11,sync_clientes,2025-11-25 13:26:28
1030,1319227,2025-11-25,2A,20,sync_clientes,2025-11-25 13:26:28
1031,1319240,2025-11-25,1B,11,sync_clientes,2025-11-25 13:26:28
1032,1319333,2025-11-25,3C,32,sync_clientes,2025-11-25 13:26:28
1033,1319336,2025-11-25,3A,30,sync_clientes,2025-11-25 13:26:28
1034,1319370,2025-11-25,3B,31,sync_clientes,2025-11-25 13:26:28
1035,1319422,2025-11-25,1B,11,sync_clientes,2025-11-25 13:26:28
1036,1319478,2025-11-25,2A,20,sync_clientes,2025-11-25 13:26:28
1037,1319486,2025-11-25,2B,21,sync_clientes,2025-11-25 13:26:28
1038,1319743,2025-11-25,2A,20,sync_clientes,2025-11-25 13:26:28
1039,1345306,2025-11-25,1A,10,sync_clientes,2025-11-25 13:26:28
1040,1345600,2025-11-25,3B,31,sync_clientes,2025-11-25 13:26:28
1041,1345643,2025-11-25,3A,30,sync_clientes,2025-11-25 13:26:28
1042,1345673,2025-11-25,2C,22,sync_clientes,2025-11-25 13:26:28
1043,1345676,2025-11-25,2B,21,sync_clientes,2025-11-25 13:26:28
1044,1345678,2025-11-25,1B,11,sync_clientes,2025-11-25 13:26:28
1045,1345681,2025-11-25,2B,21,sync_clientes,2025-11-25 13:26:28
1046,1345761,2025-11-25,3B,31,sync_clientes,2025-11-25 13:26:28
1047,1345859,2025-11-25,2A,20,sync_clientes,2025-11-25 13:26:28
1048,1345871,2025-11-25,1A,10,sync_clientes,2025-11-25 13:26:28
1049,1345958,2025-11-25,1C,12,sync_clientes,2025-11-25 13:26:28
1050,1345979,2025-11-25,2C,22,sync_clientes,2025-11-25 13:26:28
1051,1345983,2025-11-25,2C,22,sync_clientes,2025-11-25 13:26:28
1052,1346054,2025-11-25,1C,12,sync_clientes,2025-11-25 13:26:28
1053,1346055,2025-11-25,1C,12,sync_clientes,2025-11-25 13:26:28
1054,1346074,2025-11-25,1A,10,sync_clientes,2025-11-25 13:26:28
1055,1346154,2025-11-25,1C,12,sync_clientes,2025-11-25 13:26:28
1056,1346159,2025-11-25,2B,21,sync_clientes,2025-11-25 13:26:28
1057,1346173,2025-11-25,2C,22,sync_clientes,2025-11-25 13:26:28
1058,1346200,2025-11-25,1B,11,sync_clientes,2025-11-25 13:26:28
1059,1346201,2025-11-25,1B,11,sync_clientes,2025-11-25 13:26:28
1060,1346207,2025-11-25,3A,30,sync_clientes,2025-11-25 13:26:28
1061,1346858,2025-11-25,1B,11,sync_clientes,2025-11-25 13:26:28
1062,1346861,2025-11-25,1B,11,sync_clientes,2025-11-25 13:26:28
1063,1346870,2025-11-25,3C,32,sync_clientes,2025-11-25 13:26:28
1064,1346876,2025-11-25,1C,12,sync_clientes,2025-11-25 13:26:28
1065,1346890,2025-11-25,1B,11,sync_clientes,2025-11-25 13:26:28
1066,1346895,2025-11-25,2B,21,sync_clientes,2025-11-25 13:26:28
1067,1346896,2025-11-25,2A,20,sync_clientes,2025-11-25 13:26:28
1068,1346897,2025-11-25,3B,31,sync_clientes,2025-11-25 13:26:28
1069,1346900,2025-11-25,1C,12,sync_clientes,2025-11-25 13:26:28
1070,1346901,2025-11-25,2A,20,sync_clientes,2025-11-25 13:26:28
1071,1346906,2025-11-25,1B,11,sync_clientes,2025-11-25 13:26:28
1072,1346911,2025-11-25,1A,10,sync_clientes,2025-11-25 13:26:28
1073,1346913,2025-11-25,2A,20,sync_clientes,2025-11-25 13:26:28
1074,1346918,2025-11-25,3C,32,sync_clientes,2025-11-25 13:26:28
1075,1346923,2025-11-25,1B,11,sync_clientes,2025-11-25 13:26:28
1076,1346926,2025-11-25,2C,22,sync_clientes,2025-11-25 13:26:28
1077,1346930,2025-11-25,1A,10,sync_clientes,2025-11-25 13:26:28
1078,1346931,2025-11-25,1A,10,sync_clientes,2025-11-25 13:26:28
1079,1346954,2025-11-25,2C,22,sync_clientes,2025-11-25 13:26:28
1080,1346964,2025-11-25,1C,12,sync_clientes,2025-11-25 13:26:28
1081,1347018,2025-11-25,3A,30,sync_clientes,2025-11-25 13:26:28
1082,1347063,2025-11-25,1C,12,sync_clientes,2025-11-25 13:26:28
1083,1347089,2025-11-25,2A,20,sync_clientes,2025-11-25 13:26:28
1084,1347095,2025-11-25,2A,20,sync_clientes,2025-11-25 13:26:28
1085,1347151,2025-11-25,2B,21,sync_clientes,2025-11-25 13:26:28
1086,1347153,2025-11-25,2A,20,sync_clientes,2025-11-25 13:26:28
1087,1347168,2025-11-25,2B,21,sync_clientes,2025-11-25 13:26:28
1088,1347201,2025-11-25,3A,30,sync_clientes,2025-11-25 13:26:28
1089,1347210,2025-11-25,2B,21,sync_clientes,2025-11-25 13:26:28
1090,1347241,2025-11-25,3B,31,sync_clientes,2025-11-25 13:26:28
1091,1347248,2025-11-25,3A,30,sync_clientes,2025-11-25 13:26:28
1092,1347259,2025-11-25,2C,22,sync_clientes,2025-11-25 13:26:28
1093,1347278,2025-11-25,2C,22,sync_clientes,2025-11-25 13:26:28
1094,1347279,2025-11-25,3A,30,sync_clientes,2025-11-25 13:26:28
1095,1347297,2025-11-25,2C,22,sync_clientes,2025-11-25 13:26:28
1096,1347300,2025-11-25,2A,20,sync_clientes,2025-11-25 13:26:28
1097,1347302,2025-11-25,2B,21,sync_clientes,2025-11-25 13:26:28
1098,1347305,2025-11-25,2C,22,sync_clientes,2025-11-25 13:26:28
1099,1347310,2025-11-25,1C,12,sync_clientes,2025-11-25 13:26:28
1100,1347322,2025-11-25,3B,31,sync_clientes,2025-11-25 13:26:28
1101,1347324,2025-11-25,2C,22,sync_clientes,2025-11-25 13:26:28
1102,1347326,2025-11-25,3A,30,sync_clientes,2025-11-25 13:26:28
1103,1347327,2025-11-25,2C,22,sync_clientes,2025-11-25 13:26:28
1104,1347329,2025-11-25,2B,21,sync_clientes,2025-11-25 13:26:28
1105,1347332,2025-11-25,1A,10,sync_clientes,2025-11-25 13:26:28
1106,1347333,2025-11-25,2B,21,sync_clientes,2025-11-25 13:26:28
1107,1347340,2025-11-25,2B,21,sync_clientes,2025-11-25 13:26:28
1108,1347343,2025-11-25,2A,20,sync_clientes,2025-11-25 13:26:28
1109,1347344,2025-11-25,2A,20,sync_clientes,2025-11-25 13:26:28
1110,1347350,2025-11-25,2A,20,sync_clientes,2025-11-25 13:26:28
1111,1347569,2025-11-25,2C,22,sync_clientes,2025-11-25 13:26:28
1112,1347612,2025-11-25,2B,21,sync_clientes,2025-11-25 13:26:28
1113,1347802,2025-11-25,2A,20,sync_clientes,2025-11-25 13:26:28
1114,1347884,2025-11-25,3A,30,sync_clientes,2025-11-25 13:26:28
1115,1347919,2025-11-25,2B,21,sync_clientes,2025-11-25 13:26:28
1116,1347982,2025-11-25,1C,12,sync_clientes,2025-11-25 13:26:28
1117,1348138,2025-11-25,2A,20,sync_clientes,2025-11-25 13:26:28
1118,1348295,2025-11-25,2A,20,sync_clientes,2025-11-25 13:26:28
1119,1348569,2025-11-25,2C,22,sync_clientes,2025-11-25 13:26:28
1120,1348590,2025-11-25,2A,20,sync_clientes,2025-11-25 13:26:28
1121,1348595,2025-11-25,2C,22,sync_clientes,2025-11-25 13:26:28
1122,1348626,2025-11-25,1B,11,sync_clientes,2025-11-25 13:26:28
1123,1348667,2025-11-25,2B,21,sync_clientes,2025-11-25 13:26:28
1124,1348831,2025-11-25,3A,30,sync_clientes,2025-11-25 13:26:28
1125,1349454,2025-11-25,1C,12,sync_clientes,2025-11-25 13:26:28
1126,1349539,2025-11-25,1B,11,sync_clientes,2025-11-25 13:26:28
1127,1349696,2025-11-25,2B,21,sync_clientes,2025-11-25 13:26:28
1128,1349716,2025-11-25,2A,20,sync_clientes,2025-11-25 13:26:28
1129,1349723,2025-11-25,1B,11,sync_clientes,2025-11-25 13:26:28
1130,1349951,2025-11-25,3B,31,sync_clientes,2025-11-25 13:26:28
1131,1349992,2025-11-25,3A,30,sync_clientes,2025-11-25 13:26:28
1132,1350008,2025-11-25,1B,11,sync_clientes,2025-11-25 13:26:28
1133,1350154,2025-11-25,2B,21,sync_clientes,2025-11-25 13:26:28
1134,1350185,2025-11-25,1B,11,sync_clientes,2025-11-25 13:26:28
1135,1350195,2025-11-25,2A,20,sync_clientes,2025-11-25 13:26:28
1136,1350227,2025-11-25,1B,11,sync_clientes,2025-11-25 13:26:28
1137,1350243,2025-11-25,2C,22,sync_clientes,2025-11-25 13:26:28
1138,1350245,2025-11-25,4A,40,sync_clientes,2025-11-25 13:26:28
1139,1350280,2025-11-25,2C,22,sync_clientes,2025-11-25 13:26:28
1140,1350307,2025-11-25,2A,20,sync_clientes,2025-11-25 13:26:28
1141,1350361,2025-11-25,1C,12,sync_clientes,2025-11-25 13:26:28
1142,1350408,2025-11-25,1C,12,sync_clientes,2025-11-25 13:26:28
1143,1350435,2025-11-25,2B,21,sync_clientes,2025-11-25 13:26:28
1144,1350579,2025-11-25,2B,21,sync_clientes,2025-11-25 13:26:28
1145,1350947,2025-11-25,2A,20,sync_clientes,2025-11-25 13:26:28
1146,1351585,2025-11-25,3B,31,sync_clientes,2025-11-25 13:26:28
1147,1351630,2025-11-25,1B,11,sync_clientes,2025-11-25 13:26:28
1148,1351646,2025-11-25,2B,21,sync_clientes,2025-11-25 13:26:28
1149,1351804,2025-11-25,1B,11,sync_clientes,2025-11-25 13:26:28
1150,1351807,2025-11-25,2A,20,sync_clientes,2025-11-25 13:26:28
1151,1351814,2025-11-25,2C,22,sync_clientes,2025-11-25 13:26:28
1152,1351816,2025-11-25,2A,20,sync_clientes,2025-11-25 13:26:28
1153,1351819,2025-11-25,1B,11,sync_clientes,2025-11-25 13:26:28
1154,1351830,2025-11-25,2B,21,sync_clientes,2025-11-25 13:26:28
1155,1351944,2025-11-25,3A,30,sync_clientes,2025-11-25 13:26:28
1156,1359399,2025-11-25,2A,20,sync_clientes,2025-11-25 13:26:28
1157,1359484,2025-11-25,2B,21,sync_clientes,2025-11-25 13:26:28
1158,1359601,2025-11-25,3A,30,sync_clientes,2025-11-25 13:26:28
1159,1359662,2025-11-25,4A,40,sync_clientes,2025-11-25 13:26:28
1160,1359672,2025-11-25,2A,20,sync_clientes,2025-11-25 13:26:28
1161,1360460,2025-11-25,3B,31,sync_clientes,2025-11-25 13:26:28
1162,1360493,2025-11-25,3A,30,sync_clientes,2025-11-25 13:26:28
1163,1360503,2025-11-25,3A,30,sync_clientes,2025-11-25 13:26:28
1164,1360508,2025-11-25,3B,31,sync_clientes,2025-11-25 13:26:28
1165,1360564,2025-11-25,4A,40,sync_clientes,2025-11-25 13:26:28
1166,1360974,2025-11-25,2B,21,sync_clientes,2025-11-25 13:26:28
1167,1360988,2025-11-25,2A,20,sync_clientes,2025-11-25 13:26:28
1168,1361044,2025-11-25,1C,12,sync_clientes,2025-11-25 13:26:28
1169,1361333,2025-11-25,1C,12,sync_clientes,2025-11-25 13:26:28
1170,1361355,2025-11-25,3C,32,sync_clientes,2025-11-25 13:26:28
1171,1361515,2025-11-25,2B,21,sync_clientes,2025-11-25 13:26:28
1172,1361746,2025-11-25,2C,22,sync_clientes,2025-11-25 13:26:28
1173,1361841,2025-11-25,2B,21,sync_clientes,2025-11-25 13:26:28
1174,1362188,2025-11-25,1C,12,sync_clientes,2025-11-25 13:26:28
1175,1362362,2025-11-25,2C,22,sync_clientes,2025-11-25 13:26:28
1176,1362422,2025-11-25,3C,32,sync_clientes,2025-11-25 13:26:28
1177,1362747,2025-11-25,2A,20,sync_clientes,2025-11-25 13:26:28
1178,1362962,2025-11-25,2C,22,sync_clientes,2025-11-25 13:26:28
1179,1363489,2025-11-25,1C,12,sync_clientes,2025-11-25 13:26:28
1180,1363514,2025-11-25,2B,21,sync_clientes,2025-11-25 13:26:28
1181,1363585,2025-11-25,2C,22,sync_clientes,2025-11-25 13:26:28
1182,1363679,2025-11-25,2B,21,sync_clientes,2025-11-25 13:26:28
1183,1363895,2025-11-25,2B,21,sync_clientes,2025-11-25 13:26:28
1184,1363923,2025-11-25,2A,20,sync_clientes,2025-11-25 13:26:28
1185,1364057,2025-11-25,2A,20,sync_clientes,2025-11-25 13:26:28
1186,1364120,2025-11-25,2A,20,sync_clientes,2025-11-25 13:26:28
1187,1364125,2025-11-25,2A,20,sync_clientes,2025-11-25 13:26:28
1188,1364146,2025-11-25,1B,11,sync_clientes,2025-11-25 13:26:28
1189,1364401,2025-11-25,2B,21,sync_clientes,2025-11-25 13:26:28
1190,1364674,2025-11-25,2A,20,sync_clientes,2025-11-25 13:26:28
1191,1364680,2025-11-25,2C,22,sync_clientes,2025-11-25 13:26:28
1192,1364684,2025-11-25,2C,22,sync_clientes,2025-11-25 13:26:28
1193,1364686,2025-11-25,2A,20,sync_clientes,2025-11-25 13:26:28
1194,1364768,2025-11-25,2B,21,sync_clientes,2025-11-25 13:26:28
1195,1364785,2025-11-25,2A,20,sync_clientes,2025-11-25 13:26:28
1196,1364820,2025-11-25,2A,20,sync_clientes,2025-11-25 13:26:28
1197,1365519,2025-11-25,2C,22,sync_clientes,2025-11-25 13:26:28
1198,1365527,2025-11-25,1B,11,sync_clientes,2025-11-25 13:26:28
1199,1365534,2025-11-25,2B,21,sync_clientes,2025-11-25 13:26:28
1200,1365697,2025-11-25,1B,11,sync_clientes,2025-11-25 13:26:28
1201,1365701,2025-11-25,1B,11,sync_clientes,2025-11-25 13:26:28
1202,1365716,2025-11-25,3B,31,sync_clientes,2025-11-25 13:26:28
1203,1366341,2025-11-25,1A,10,sync_clientes,2025-11-25 13:26:28
1204,1367026,2025-11-25,1B,11,sync_clientes,2025-11-25 13:26:28
1205,1367027,2025-11-25,1C,12,sync_clientes,2025-11-25 13:26:28
1206,1367540,2025-11-25,1C,12,sync_clientes,2025-11-25 13:26:28
1207,1367566,2025-11-25,2B,21,sync_clientes,2025-11-25 13:26:28
1208,1367598,2025-11-25,3A,30,sync_clientes,2025-11-25 13:26:28
1209,1367665,2025-11-25,1B,11,sync_clientes,2025-11-25 13:26:28
1210,1367783,2025-11-25,1B,11,sync_clientes,2025-11-25 13:26:28
1211,1367867,2025-11-25,2B,21,sync_clientes,2025-11-25 13:26:28
1212,1368055,2025-11-25,2B,21,sync_clientes,2025-11-25 13:26:28
1213,1368475,2025-11-25,2C,22,sync_clientes,2025-11-25 13:26:28
1214,1368804,2025-11-25,2B,21,sync_clientes,2025-11-25 13:26:28
1215,1368977,2025-11-25,2B,21,sync_clientes,2025-11-25 13:26:28
1216,1368985,2025-11-25,3A,30,sync_clientes,2025-11-25 13:26:28
1217,1369066,2025-11-25,2C,22,sync_clientes,2025-11-25 13:26:28
1218,1369206,2025-11-25,1B,11,sync_clientes,2025-11-25 13:26:28
1219,1369304,2025-11-25,1C,12,sync_clientes,2025-11-25 13:26:28
1220,1369854,2025-11-25,1C,12,sync_clientes,2025-11-25 13:26:28
1221,1369917,2025-11-25,4A,40,sync_clientes,2025-11-25 13:26:28
1222,1370020,2025-11-25,1B,11,sync_clientes,2025-11-25 13:26:28
1223,1370032,2025-11-25,2B,21,sync_clientes,2025-11-25 13:26:28
1224,1370192,2025-11-25,2A,20,sync_clientes,2025-11-25 13:26:28
1225,1370412,2025-11-25,1A,10,sync_clientes,2025-11-25 13:26:28
1226,1370448,2025-11-25,2B,21,sync_clientes,2025-11-25 13:26:28
1227,1370506,2025-11-25,1B,11,sync_clientes,2025-11-25 13:26:28
1228,1370634,2025-11-25,2C,22,sync_clientes,2025-11-25 13:26:28
1229,1370637,2025-11-25,2C,22,sync_clientes,2025-11-25 13:26:28
1230,1370641,2025-11-25,2A,20,sync_clientes,2025-11-25 13:26:28
1231,1372314,2025-11-25,2C,22,sync_clientes,2025-11-25 13:26:28
1232,1373462,2025-11-25,1C,12,sync_clientes,2025-11-25 13:26:28
1233,1373501,2025-11-25,2B,21,sync_clientes,2025-11-25 13:26:28
1234,1228307,2025-11-25,3A,30,sync_clientes,2025-11-25 18:04:40
1235,1230226,2025-11-25,2A,20,sync_clientes,2025-11-25 18:04:40
1236,1237158,2025-11-25,3B,31,sync_clientes,2025-11-25 18:04:40
1237,1275504,2025-11-25,2C,22,sync_clientes,2025-11-25 18:04:40
1238,1284954,2025-11-25,2A,20,sync_clientes,2025-11-25 18:04:40
1239,1285802,2025-11-25,2B,21,sync_clientes,2025-11-25 18:04:40
1240,1285817,2025-11-25,2A,20,sync_clientes,2025-11-25 18:04:40
1241,1286374,2025-11-25,2B,21,sync_clientes,2025-11-25 18:04:40
1242,1288476,2025-11-25,2B,21,sync_clientes,2025-11-25 18:04:40
1243,1345859,2025-11-25,2B,21,sync_clientes,2025-11-25 18:04:40
1244,1363489,2025-11-25,2A,20,sync_clientes,2025-11-25 18:04:40
1245,1364998,2025-11-25,2B,21,sync_clientes,2025-11-25 18:04:40
1246,1365242,2025-11-25,2C,22,sync_clientes,2025-11-25 18:04:40
1247,1368813,2025-11-25,1B,11,sync_clientes,2025-11-25 18:04:40
1248,1368985,2025-11-25,3B,31,sync_clientes,2025-11-25 18:04:40
1249,1372313,2025-11-25,1B,11,sync_clientes,2025-11-25 18:04:40
1250,1373761,2025-11-25,3C,32,sync_clientes,2025-11-25 18:04:40
1251,1252206,2025-11-26,3B,31,sync_clientes,2025-11-26 11:37:38
1252,1253539,2025-11-26,2C,22,sync_clientes,2025-11-26 11:37:38
1253,1273387,2025-11-26,3B,31,sync_clientes,2025-11-26 11:37:38
1254,1318609,2025-11-26,2B,21,sync_clientes,2025-11-26 11:37:38
1255,1346019,2025-11-26,1B,11,sync_clientes,2025-11-26 11:37:38
1256,1346183,2025-11-26,2B,21,sync_clientes,2025-11-26 11:37:38
1257,1347868,2025-11-26,3B,31,sync_clientes,2025-11-26 11:37:38
1258,1347882,2025-11-26,2B,21,sync_clientes,2025-11-26 11:37:38
1259,1363648,2025-11-26,1A,10,sync_clientes,2025-11-26 11:37:38
1260,1364688,2025-11-26,1C,12,sync_clientes,2025-11-26 11:37:38
1261,1365818,2025-11-26,1A,10,sync_clientes,2025-11-26 11:37:38
1262,1367389,2025-11-26,2B,21,sync_clientes,2025-11-26 11:37:38
1263,1367834,2025-11-26,2A,20,sync_clientes,2025-11-26 11:37:38
1264,1369268,2025-11-26,2A,20,sync_clientes,2025-11-26 11:37:38
1265,1370506,2025-11-26,2B,21,sync_clientes,2025-11-26 11:37:38
1266,1372825,2025-11-26,1C,12,sync_clientes,2025-11-26 11:37:38
1267,1385124,2025-11-26,1C,12,sync_clientes,2025-11-26 11:37:38
1268,1231602,2025-11-26,4B,41,sync_clientes,2025-11-26 16:39:39
1269,1233018,2025-11-26,3C,32,sync_clientes,2025-11-26 16:39:39
1270,1234206,2025-11-26,3B,31,sync_clientes,2025-11-26 16:39:39
1271,1263896,2025-11-26,3A,30,sync_clientes,2025-11-26 16:39:40
1272,1316391,2025-11-26,3A,30,sync_clientes,2025-11-26 16:39:40
1273,1230307,2025-11-26,3B,31,sync_clientes,2025-11-26 18:19:38
1274,1236735,2025-11-26,2B,21,sync_clientes,2025-11-26 18:19:38
1275,1273952,2025-11-26,4B,41,sync_clientes,2025-11-26 18:19:38
1276,1274047,2025-11-26,4B,41,sync_clientes,2025-11-26 18:19:38
1277,1345847,2025-11-26,3A,30,sync_clientes,2025-11-26 18:19:38
1278,1348216,2025-11-26,4B,41,sync_clientes,2025-11-26 18:19:38
1279,1348219,2025-11-26,3C,32,sync_clientes,2025-11-26 18:19:38
1280,1359817,2025-11-26,2B,21,sync_clientes,2025-11-26 18:19:38
1281,1370927,2025-11-26,1B,11,sync_clientes,2025-11-26 18:19:38
1282,1383491,2025-11-26,1C,12,sync_clientes,2025-11-26 18:19:38
1283,1385749,2025-11-26,3A,30,sync_clientes,2025-11-26 18:19:38
1284,1228396,2025-11-27,3B,31,sync_clientes,2025-11-27 18:25:02
1285,1231647,2025-11-27,3C,32,sync_clientes,2025-11-27 18:25:02
1286,1237119,2025-11-27,2B,21,sync_clientes,2025-11-27 18:25:02
1287,1237121,2025-11-27,2C,22,sync_clientes,2025-11-27 18:25:02
1288,1237951,2025-11-27,3A,30,sync_clientes,2025-11-27 18:25:02
1289,1251345,2025-11-27,2A,20,sync_clientes,2025-11-27 18:25:02
1290,1252138,2025-11-27,2A,20,sync_clientes,2025-11-27 18:25:02
1291,1252142,2025-11-27,1C,12,sync_clientes,2025-11-27 18:25:02
1292,1275419,2025-11-27,2C,22,sync_clientes,2025-11-27 18:25:03
1293,1276454,2025-11-27,1A,10,sync_clientes,2025-11-27 18:25:03
1294,1276457,2025-11-27,2A,20,sync_clientes,2025-11-27 18:25:03
1295,1277377,2025-11-27,2C,22,sync_clientes,2025-11-27 18:25:03
1296,1277381,2025-11-27,2B,21,sync_clientes,2025-11-27 18:25:03
1297,1279366,2025-11-27,2C,22,sync_clientes,2025-11-27 18:25:03
1298,1283054,2025-11-27,2C,22,sync_clientes,2025-11-27 18:25:03
1299,1288413,2025-11-27,2A,20,sync_clientes,2025-11-27 18:25:03
1300,1315771,2025-11-27,2C,22,sync_clientes,2025-11-27 18:25:03
1301,1318286,2025-11-27,2C,22,sync_clientes,2025-11-27 18:25:03
1302,1319498,2025-11-27,2C,22,sync_clientes,2025-11-27 18:25:03
1303,1346074,2025-11-27,1C,12,sync_clientes,2025-11-27 18:25:03
1304,1347201,2025-11-27,3B,31,sync_clientes,2025-11-27 18:25:03
1305,1348138,2025-11-27,2B,21,sync_clientes,2025-11-27 18:25:03
1306,1349773,2025-11-27,2A,20,sync_clientes,2025-11-27 18:25:03
1307,1359400,2025-11-27,2B,21,sync_clientes,2025-11-27 18:25:03
1308,1360998,2025-11-27,2B,21,sync_clientes,2025-11-27 18:25:03
1309,1364449,2025-11-27,1C,12,sync_clientes,2025-11-27 18:25:03
1310,1364474,2025-11-27,1A,10,sync_clientes,2025-11-27 18:25:03
1311,1365068,2025-11-27,2A,20,sync_clientes,2025-11-27 18:25:03
1312,1365668,2025-11-27,2B,21,sync_clientes,2025-11-27 18:25:03
1313,1367889,2025-11-27,2B,21,sync_clientes,2025-11-27 18:25:03
1314,1368316,2025-11-27,2C,22,sync_clientes,2025-11-27 18:25:03
1315,1369005,2025-11-27,2C,22,sync_clientes,2025-11-27 18:25:03
1316,1369011,2025-11-27,2C,22,sync_clientes,2025-11-27 18:25:03
1317,1385915,2025-11-27,2C,22,sync_clientes,2025-11-27 18:25:03
1318,1241409,2025-11-28,4A,40,sync_clientes,2025-11-28 11:24:05
1319,1314354,2025-11-28,3A,30,sync_clientes,2025-11-28 11:24:05
1320,1314357,2025-11-28,3A,30,sync_clientes,2025-11-28 11:24:05
1321,1315895,2025-11-28,2C,22,sync_clientes,2025-11-28 11:24:05
1322,1315899,2025-11-28,2C,22,sync_clientes,2025-11-28 11:24:05
1323,1360493,2025-11-28,2C,22,sync_clientes,2025-11-28 11:24:05
1324,1363311,2025-11-28,1A,10,sync_clientes,2025-11-28 11:24:05
1325,1363334,2025-11-28,1A,10,sync_clientes,2025-11-28 11:24:05
1326,1364674,2025-11-28,2C,22,sync_clientes,2025-11-28 11:24:05
1327,1367281,2025-11-28,2A,20,sync_clientes,2025-11-28 11:24:06
1328,1368975,2025-11-28,2C,22,sync_clientes,2025-11-28 11:24:06
1329,1373439,2025-11-28,2C,22,sync_clientes,2025-11-28 11:24:06
